segment_id,start_time,predict_minutes,traffic_state,initial_density,final_density,final_flow,datetime
1,2022-07-30 23:50:00,5,free_flow,1.0,1.0057934515528189,9.854670959985281,2025-03-25 17:28:55
1,2022-07-30 23:50:00,10,free_flow,1.0,1.0057882138654832,9.858487166457415,2025-03-25 17:28:55
1,2022-07-30 23:50:00,15,free_flow,1.0,1.005784930499625,9.860738846845875,2025-03-25 17:28:55
1,2022-07-30 23:50:00,30,free_flow,1.0,1.0057845345910315,9.861082023583494,2025-03-25 17:28:55
1,2022-07-20 23:40:00,5,free_flow,1.0,1.0031523005702665,9.828837626761894,2025-03-25 17:28:55
1,2022-07-20 23:40:00,10,free_flow,1.0,1.0031494553622249,9.83265383312408,2025-03-25 17:28:55
1,2022-07-20 23:40:00,15,free_flow,1.0,1.0031476720973354,9.834905513512542,2025-03-25 17:28:55
1,2022-07-20 23:40:00,30,free_flow,1.0,1.0031474567790182,9.835248690250163,2025-03-25 17:28:55
1,2022-07-14 12:25:00,5,free_flow,1.3636363636363635,1.193667509023703,10.92500046122779,2025-03-25 17:28:55
1,2022-07-14 12:25:00,10,free_flow,1.3636363636363635,1.1930467427761993,10.924999999999999,2025-03-25 17:28:55
1,2022-07-14 12:25:00,15,free_flow,1.3636363636363635,1.1926637687084707,10.925000000000004,2025-03-25 17:28:55
1,2022-07-14 12:25:00,30,free_flow,1.3636363636363635,1.192616084183099,10.925000000000004,2025-03-25 17:28:55
1,2022-07-15 08:55:00,5,free_flow,1.2138429752066116,1.194000557296781,9.615171439745303,2025-03-25 17:28:55
1,2022-07-15 08:55:00,10,free_flow,1.2138429752066116,1.193784053732857,9.618707622952861,2025-03-25 17:28:55
1,2022-07-15 08:55:00,15,free_flow,1.2138429752066116,1.1936411144527066,9.620883736403421,2025-03-25 17:28:55
1,2022-07-15 08:55:00,30,free_flow,1.2138429752066116,1.1936308651087428,9.62117211525477,2025-03-25 17:28:55
1,2022-07-08 19:20:00,5,free_flow,1.588170865279299,1.2670722026803678,9.620801739827298,2025-03-25 17:28:55
1,2022-07-08 19:20:00,10,free_flow,1.588170865279299,1.2662844879352981,9.620750000003293,2025-03-25 17:28:55
1,2022-07-08 19:20:00,15,free_flow,1.588170865279299,1.2657818023791305,9.620750000000001,2025-03-25 17:28:55
1,2022-07-08 19:20:00,30,free_flow,1.588170865279299,1.2657358556701177,9.620750000000001,2025-03-25 17:28:55
1,2022-07-22 12:50:00,5,free_flow,1.0454545454545454,1.0776151376204128,9.86516944921184,2025-03-25 17:28:55
1,2022-07-22 12:50:00,10,free_flow,1.0454545454545454,1.0775378954039825,9.868961464574248,2025-03-25 17:28:55
1,2022-07-22 12:50:00,15,free_flow,1.0454545454545454,1.0774882000653352,9.871247371378361,2025-03-25 17:28:55
1,2022-07-22 12:50:00,30,free_flow,1.0454545454545454,1.0774832443171316,9.871573536874566,2025-03-25 17:28:56
1,2022-07-26 10:10:00,5,free_flow,1.7272727272727273,1.5130763483993392,13.83833395377008,2025-03-25 17:28:56
1,2022-07-26 10:10:00,10,free_flow,1.7272727272727273,1.5120203680670645,13.838333333333336,2025-03-25 17:28:56
1,2022-07-26 10:10:00,15,free_flow,1.7272727272727273,1.511348227771061,13.838333333333336,2025-03-25 17:28:56
1,2022-07-26 10:10:00,30,free_flow,1.7272727272727273,1.5112864705273186,13.838333333333336,2025-03-25 17:28:56
1,2022-08-18 02:40:00,5,free_flow,1.0,1.011033247064839,9.905920959819428,2025-03-25 17:28:56
1,2022-08-18 02:40:00,10,free_flow,1.0,1.0110232396276253,9.909737166457417,2025-03-25 17:28:56
1,2022-08-18 02:40:00,15,free_flow,1.0,1.0110169640114839,9.911988846845874,2025-03-25 17:28:56
1,2022-08-18 02:40:00,30,free_flow,1.0,1.0110162093419985,9.912332023583494,2025-03-25 17:28:56
1,2022-07-10 05:20:00,5,free_flow,1.0,1.021726222011345,10.010504292708895,2025-03-25 17:28:56
1,2022-07-10 05:20:00,10,free_flow,1.0,1.021706384703004,10.014320499790747,2025-03-25 17:28:56
1,2022-07-10 05:20:00,15,free_flow,1.0,1.0216939358469928,10.016572180179205,2025-03-25 17:28:56
1,2022-07-10 05:20:00,30,free_flow,1.0,1.021692447145787,10.016915356916828,2025-03-25 17:28:56
1,2022-08-17 07:25:00,5,free_flow,1.5237603305785123,1.4650726753328391,11.790180691732049,2025-03-25 17:28:56
1,2022-08-17 07:25:00,10,free_flow,1.5237603305785123,1.464037439550728,11.790166666666856,2025-03-25 17:28:56
1,2022-08-17 07:25:00,15,free_flow,1.5237603305785123,1.4633695513488512,11.79016666666667,2025-03-25 17:28:56
1,2022-08-17 07:25:00,30,free_flow,1.5237603305785123,1.4633163567178014,11.79016666666667,2025-03-25 17:28:56
1,2022-07-25 20:00:00,5,free_flow,1.0918003565062386,1.081049851675778,10.094817122957835,2025-03-25 17:28:56
1,2022-07-25 20:00:00,10,free_flow,1.0918003565062386,1.0809701040360666,10.098624116746594,2025-03-25 17:28:56
1,2022-07-25 20:00:00,15,free_flow,1.0918003565062386,1.0809190649006712,10.100906458982873,2025-03-25 17:28:56
1,2022-07-25 20:00:00,30,free_flow,1.0918003565062386,1.080913764857981,10.101238052016727,2025-03-25 17:28:56
1,2022-07-17 02:50:00,5,free_flow,1.0,1.0028967069730284,9.826337626761985,2025-03-25 17:28:56
1,2022-07-17 02:50:00,10,free_flow,1.0,1.0028940928773333,9.830153833124081,2025-03-25 17:28:56
1,2022-07-17 02:50:00,15,free_flow,1.0,1.0028924544924336,9.832405513512542,2025-03-25 17:28:56
1,2022-07-17 02:50:00,30,free_flow,1.0,1.0028922566415495,9.832748690250163,2025-03-25 17:28:56
1,2022-08-07 21:55:00,5,free_flow,1.0,1.025835879099726,9.580233785411393,2025-03-25 17:28:56
1,2022-08-07 21:55:00,10,free_flow,1.0,1.0258112839689075,9.58404078341326,2025-03-25 17:28:56
1,2022-08-07 21:55:00,15,free_flow,1.0,1.0257955992305465,9.58632312564954,2025-03-25 17:28:56
1,2022-08-07 21:55:00,30,free_flow,1.0,1.0257939077575173,9.586654718683397,2025-03-25 17:28:56
1,2022-08-09 00:45:00,5,free_flow,1.0,1.0063046456837124,9.859670959985102,2025-03-25 17:28:56
1,2022-08-09 00:45:00,10,free_flow,1.0,1.0062989440216916,9.863487166457418,2025-03-25 17:28:56
1,2022-08-09 00:45:00,15,free_flow,1.0,1.0062953696800399,9.865738846845877,2025-03-25 17:28:56
1,2022-08-09 00:45:00,30,free_flow,1.0,1.0062949387989881,9.866082023583497,2025-03-25 17:28:56
1,2022-07-10 06:35:00,5,free_flow,1.0,1.0666338952637424,10.44967095761364,2025-03-25 17:28:56
1,2022-07-10 06:35:00,10,free_flow,1.0,1.0665713637889453,10.453487166457418,2025-03-25 17:28:56
1,2022-07-10 06:35:00,15,free_flow,1.0,1.0665320048102975,10.455738846845875,2025-03-25 17:28:56
1,2022-07-10 06:35:00,30,free_flow,1.0,1.0665274108175822,10.456082023583496,2025-03-25 17:28:56
1,2022-08-15 05:30:00,5,free_flow,1.0,1.0646311727358377,10.430087624566509,2025-03-25 17:28:56
1,2022-08-15 05:30:00,10,free_flow,1.0,1.0645705938787224,10.433903833124083,2025-03-25 17:28:56
1,2022-08-15 05:30:00,15,free_flow,1.0,1.0645324689768756,10.436155513512542,2025-03-25 17:28:56
1,2022-08-15 05:30:00,30,free_flow,1.0,1.0645280140821827,10.436498690250161,2025-03-25 17:28:56
1,2022-07-25 21:05:00,5,free_flow,1.0,1.0181920545207255,9.508983787428823,2025-03-25 17:28:56
1,2022-07-25 21:05:00,10,free_flow,1.0,1.0181748164509148,9.512790783413259,2025-03-25 17:28:56
1,2022-07-25 21:05:00,15,free_flow,1.0,1.018163829032383,9.515073125649542,2025-03-25 17:28:56
1,2022-07-25 21:05:00,30,free_flow,1.0,1.0181626381779452,9.515404718683394,2025-03-25 17:28:56
1,2022-07-30 12:25:00,5,free_flow,1.5909090909090908,1.3945057201016686,12.757500554801728,2025-03-25 17:28:56
1,2022-07-30 12:25:00,10,free_flow,1.5909090909090908,1.3936250135040618,12.7575,2025-03-25 17:28:56
1,2022-07-30 12:25:00,15,free_flow,1.5909090909090908,1.393070256762576,12.7575,2025-03-25 17:28:56
1,2022-07-30 12:25:00,30,free_flow,1.5909090909090908,1.3930123504154688,12.7575,2025-03-25 17:28:56
1,2022-08-07 10:25:00,5,free_flow,2.272727272727273,1.9796768766858965,18.083334239740868,2025-03-25 17:28:56
1,2022-08-07 10:25:00,10,free_flow,2.272727272727273,1.977779322859083,18.08333333333334,2025-03-25 17:28:56
1,2022-08-07 10:25:00,15,free_flow,2.272727272727273,1.976532984356576,18.08333333333334,2025-03-25 17:28:56
1,2022-08-07 10:25:00,30,free_flow,2.272727272727273,1.9764854302262573,18.08333333333334,2025-03-25 17:28:56
1,2022-08-02 08:35:00,5,free_flow,1.6012396694214877,1.5398752898419887,12.389681569071781,2025-03-25 17:28:56
1,2022-08-02 08:35:00,10,free_flow,1.6012396694214877,1.5387209346075426,12.38966666666687,2025-03-25 17:28:56
1,2022-08-02 08:35:00,15,free_flow,1.6012396694214877,1.537971563810372,12.38966666666667,2025-03-25 17:28:56
1,2022-08-02 08:35:00,30,free_flow,1.6012396694214877,1.5379188580223355,12.38966666666667,2025-03-25 17:28:56
1,2022-07-31 23:00:00,5,free_flow,1.0,1.0144839116154323,9.939670959653663,2025-03-25 17:28:56
1,2022-07-31 23:00:00,10,free_flow,1.0,1.0144707461488767,9.943487166457412,2025-03-25 17:28:56
1,2022-07-31 23:00:00,15,free_flow,1.0,1.014462488220996,9.945738846845872,2025-03-25 17:28:56
1,2022-07-31 23:00:00,30,free_flow,1.0,1.01446149694785,9.946082023583491,2025-03-25 17:28:56
1,2022-08-21 05:45:00,5,free_flow,1.0,1.0333144137291095,10.123837625593858,2025-03-25 17:28:56
1,2022-08-21 05:45:00,10,free_flow,1.0,1.033283777774277,10.127653833124084,2025-03-25 17:28:56
1,2022-08-21 05:45:00,15,free_flow,1.0,1.0332645373027605,10.129905513512542,2025-03-25 17:28:56
1,2022-08-21 05:45:00,30,free_flow,1.0,1.0332622504826132,10.130248690250163,2025-03-25 17:28:56
1,2022-07-26 22:20:00,5,free_flow,1.0,1.0033075271988967,9.370233790439014,2025-03-25 17:28:56
1,2022-07-26 22:20:00,10,free_flow,1.0,1.0033044215567537,9.374040783413262,2025-03-25 17:28:56
1,2022-07-26 22:20:00,15,free_flow,1.0,1.0033024440074125,9.37632312564954,2025-03-25 17:28:56
1,2022-07-26 22:20:00,30,free_flow,1.0,1.003302227605665,9.376654718683392,2025-03-25 17:28:56
1,2022-07-31 06:55:00,5,free_flow,1.0,1.0521465348786645,10.308004291522673,2025-03-25 17:28:56
1,2022-07-31 06:55:00,10,free_flow,1.0,1.0520980260309374,10.31182049979075,2025-03-25 17:28:56
1,2022-07-31 06:55:00,15,free_flow,1.0,1.0520675224991503,10.31407218017921,2025-03-25 17:28:56
1,2022-07-31 06:55:00,30,free_flow,1.0,1.0520639336247513,10.314415356916829,2025-03-25 17:28:56
1,2022-07-20 05:10:00,5,free_flow,1.0,1.0236433439452441,10.029254292708144,2025-03-25 17:28:56
1,2022-07-20 05:10:00,10,free_flow,1.0,1.0236217306020505,10.033070499790748,2025-03-25 17:28:56
1,2022-07-20 05:10:00,15,free_flow,1.0,1.023608165456133,10.035322180179207,2025-03-25 17:28:56
1,2022-07-20 05:10:00,30,free_flow,1.0,1.0236065448971257,10.035665356916827,2025-03-25 17:28:56
1,2022-08-09 01:10:00,5,free_flow,1.0,1.0236433439452441,10.029254292708144,2025-03-25 17:28:56
1,2022-08-09 01:10:00,10,free_flow,1.0,1.0236217306020505,10.033070499790748,2025-03-25 17:28:56
1,2022-08-09 01:10:00,15,free_flow,1.0,1.023608165456133,10.035322180179207,2025-03-25 17:28:56
1,2022-08-09 01:10:00,30,free_flow,1.0,1.0236065448971257,10.035665356916827,2025-03-25 17:28:56
1,2022-08-01 10:10:00,5,free_flow,1.8181818181818181,1.5930270962062187,14.566667330522337,2025-03-25 17:28:56
1,2022-08-01 10:10:00,10,free_flow,1.8181818181818181,1.5918439223560212,14.566666666666665,2025-03-25 17:28:56
1,2022-08-01 10:10:00,15,free_flow,1.8181818181818181,1.5910859919543237,14.566666666666665,2025-03-25 17:28:56
1,2022-08-01 10:10:00,30,free_flow,1.8181818181818181,1.5910229365772586,14.566666666666665,2025-03-25 17:28:57
1,2022-08-20 20:30:00,5,free_flow,1.0,1.0136774146368996,9.466900454770622,2025-03-25 17:28:57
1,2022-08-20 20:30:00,10,free_flow,1.0,1.0136644901637444,9.470707450079928,2025-03-25 17:28:57
1,2022-08-20 20:30:00,15,free_flow,1.0,1.0136562546574683,9.472989792316207,2025-03-25 17:28:57
1,2022-08-20 20:30:00,30,free_flow,1.0,1.0136553594425388,9.473321385350063,2025-03-25 17:28:57
1,2022-07-19 05:15:00,5,free_flow,1.0,1.0078808349716342,9.875087626596605,2025-03-25 17:28:57
1,2022-07-19 05:15:00,10,free_flow,1.0,1.0078737008642376,9.878903833124083,2025-03-25 17:28:57
1,2022-07-19 05:15:00,15,free_flow,1.0,1.0078692280530224,9.881155513512539,2025-03-25 17:28:57
1,2022-07-19 05:15:00,30,free_flow,1.0,1.0078686893009385,9.881498690250163,2025-03-25 17:28:57
1,2022-08-09 08:40:00,5,free_flow,2.272727272727273,2.189961404431035,17.58535692408056,2025-03-25 17:28:57
1,2022-08-09 08:40:00,10,free_flow,2.272727272727273,2.187519354332507,17.58533333333369,2025-03-25 17:28:57
1,2022-08-09 08:40:00,15,free_flow,2.272727272727273,2.185872374956587,17.585333333333335,2025-03-25 17:28:57
1,2022-08-09 08:40:00,30,free_flow,2.272727272727273,2.1859067190947763,17.58533333333333,2025-03-25 17:28:57
1,2022-08-20 05:20:00,5,free_flow,1.0,1.0144839116154323,9.939670959653663,2025-03-25 17:28:57
1,2022-08-20 05:20:00,10,free_flow,1.0,1.0144707461488767,9.943487166457412,2025-03-25 17:28:57
1,2022-08-20 05:20:00,15,free_flow,1.0,1.014462488220996,9.945738846845872,2025-03-25 17:28:57
1,2022-08-20 05:20:00,30,free_flow,1.0,1.01446149694785,9.946082023583491,2025-03-25 17:28:57
1,2022-07-09 03:45:00,5,free_flow,1.0,1.0028967069730284,9.826337626761985,2025-03-25 17:28:57
1,2022-07-09 03:45:00,10,free_flow,1.0,1.0028940928773333,9.830153833124081,2025-03-25 17:28:57
1,2022-07-09 03:45:00,15,free_flow,1.0,1.0028924544924336,9.832405513512542,2025-03-25 17:28:57
1,2022-07-09 03:45:00,30,free_flow,1.0,1.0028922566415495,9.832748690250163,2025-03-25 17:28:57
1,2022-07-18 23:25:00,5,free_flow,1.0,1.0031523005702665,9.828837626761894,2025-03-25 17:28:57
1,2022-07-18 23:25:00,10,free_flow,1.0,1.0031494553622249,9.83265383312408,2025-03-25 17:28:57
1,2022-07-18 23:25:00,15,free_flow,1.0,1.0031476720973354,9.834905513512542,2025-03-25 17:28:57
1,2022-07-18 23:25:00,30,free_flow,1.0,1.0031474567790182,9.835248690250163,2025-03-25 17:28:57
1,2022-08-11 06:15:00,5,free_flow,1.0,1.0362541626409876,10.152587625592625,2025-03-25 17:28:57
1,2022-08-11 06:15:00,10,free_flow,1.0,1.036220763086136,10.156403833124083,2025-03-25 17:28:57
1,2022-08-11 06:15:00,15,free_flow,1.0,1.0361997828591853,10.158655513512544,2025-03-25 17:28:57
1,2022-08-11 06:15:00,30,free_flow,1.0,1.0361972931701418,10.158998690250163,2025-03-25 17:28:57
1,2022-07-10 10:55:00,5,free_flow,1.5227272727272727,1.3241536410450436,12.115833861330065,2025-03-25 17:28:57
1,2022-07-10 10:55:00,10,free_flow,1.5227272727272727,1.323369305069563,12.115833333333333,2025-03-25 17:28:57
1,2022-07-10 10:55:00,15,free_flow,1.5227272727272727,1.322878599958835,12.115833333333333,2025-03-25 17:28:57
1,2022-07-10 10:55:00,30,free_flow,1.5227272727272727,1.3228238458782813,12.115833333333333,2025-03-25 17:28:57
1,2022-08-01 04:30:00,5,free_flow,1.0,1.0173382056281135,9.967587626264308,2025-03-25 17:28:57
1,2022-08-01 04:30:00,10,free_flow,1.0,1.017322417762349,9.97140383312408,2025-03-25 17:28:57
1,2022-08-01 04:30:00,15,free_flow,1.0,1.0173125130541,9.97365551351254,2025-03-25 17:28:57
1,2022-08-01 04:30:00,30,free_flow,1.0,1.0173113258709345,9.97399869025016,2025-03-25 17:28:57
1,2022-08-14 14:55:00,5,free_flow,4.454545454545454,3.9387345834433445,35.72100316233245,2025-03-25 17:28:57
1,2022-08-14 14:55:00,10,free_flow,4.454545454545454,3.9312285393060495,35.721000000000004,2025-03-25 17:28:57
1,2022-08-14 14:55:00,15,free_flow,4.454545454545454,3.926104919715267,35.72100000000001,2025-03-25 17:28:57
1,2022-08-14 14:55:00,30,free_flow,4.454545454545454,3.9276033193725954,35.72100000000001,2025-03-25 17:28:57
1,2022-07-05 00:00:00,5,free_flow,1.0,1.0236433439452441,10.029254292708144,2025-03-25 17:28:57
1,2022-07-05 00:00:00,10,free_flow,1.0,1.0236217306020505,10.033070499790748,2025-03-25 17:28:57
1,2022-07-05 00:00:00,15,free_flow,1.0,1.023608165456133,10.035322180179207,2025-03-25 17:28:57
1,2022-07-05 00:00:00,30,free_flow,1.0,1.0236065448971257,10.035665356916827,2025-03-25 17:28:57
1,2022-08-13 20:05:00,5,free_flow,1.0,1.025835879099726,9.580233785411393,2025-03-25 17:28:57
1,2022-08-13 20:05:00,10,free_flow,1.0,1.0258112839689075,9.58404078341326,2025-03-25 17:28:57
1,2022-08-13 20:05:00,15,free_flow,1.0,1.0257955992305465,9.58632312564954,2025-03-25 17:28:57
1,2022-08-13 20:05:00,30,free_flow,1.0,1.0257939077575173,9.586654718683397,2025-03-25 17:28:57
1,2022-08-05 19:45:00,5,free_flow,1.2322015334063527,1.0,7.597836406590976,2025-03-25 17:28:57
1,2022-08-05 19:45:00,10,free_flow,1.2322015334063527,1.0,7.6013267350470075,2025-03-25 17:28:57
1,2022-08-05 19:45:00,15,free_flow,1.2322015334063527,1.0,7.603506312036384,2025-03-25 17:28:57
1,2022-08-05 19:45:00,30,free_flow,1.2322015334063527,1.0,7.603776701511694,2025-03-25 17:28:57
1,2022-08-08 11:45:00,5,free_flow,2.272727272727273,1.9934403139708563,18.208334240433647,2025-03-25 17:28:57
1,2022-08-08 11:45:00,10,free_flow,2.272727272727273,1.9915143937138426,18.20833333333334,2025-03-25 17:28:57
1,2022-08-08 11:45:00,15,free_flow,2.272727272727273,1.9902484911024811,18.20833333333334,2025-03-25 17:28:57
1,2022-08-08 11:45:00,30,free_flow,2.272727272727273,1.9902023411925365,18.20833333333334,2025-03-25 17:28:57
1,2022-07-09 04:15:00,5,free_flow,1.0,1.0347629807156453,10.138004292204178,2025-03-25 17:28:57
1,2022-07-09 04:15:00,10,free_flow,1.0,1.0347309842183352,10.14182049979075,2025-03-25 17:28:57
1,2022-07-09 04:15:00,15,free_flow,1.0,1.0347108873306374,10.14407218017921,2025-03-25 17:28:57
1,2022-07-09 04:15:00,30,free_flow,1.0,1.0347085005656,10.144415356916829,2025-03-25 17:28:57
1,2022-08-18 15:10:00,5,free_flow,4.75,4.201062170284885,38.05542034348162,2025-03-25 17:28:57
1,2022-08-18 15:10:00,10,free_flow,4.75,4.192646720711296,38.055416666666666,2025-03-25 17:28:57
1,2022-08-18 15:10:00,15,free_flow,4.75,4.186918572538284,38.055416666666666,2025-03-25 17:28:57
1,2022-08-18 15:10:00,30,free_flow,4.75,4.188955421240857,38.055416666666666,2025-03-25 17:28:57
1,2022-08-23 00:25:00,5,free_flow,1.0,1.0157619491627607,9.952170959653186,2025-03-25 17:28:57
1,2022-08-23 00:25:00,10,free_flow,1.0,1.0157476106263663,9.955987166457414,2025-03-25 17:28:57
1,2022-08-23 00:25:00,15,free_flow,1.0,1.015738616128117,9.958238846845871,2025-03-25 17:28:57
1,2022-08-23 00:25:00,30,free_flow,1.0,1.01573753715622,9.95858202358349,2025-03-25 17:28:57
1,2022-08-07 12:45:00,5,free_flow,1.2045454545454546,1.0903958671628062,9.981919524929069,2025-03-25 17:28:57
1,2022-08-07 12:45:00,10,free_flow,1.2045454545454546,1.0903052234218047,9.985711464574253,2025-03-25 17:28:57
1,2022-08-07 12:45:00,15,free_flow,1.2045454545454546,1.0902468637319762,9.987997371378363,2025-03-25 17:28:57
1,2022-08-07 12:45:00,30,free_flow,1.2045454545454546,1.0902411014501434,9.988323536874569,2025-03-25 17:28:57
1,2022-07-24 12:30:00,5,free_flow,1.7954545454545454,1.5744810349965201,14.39775064933717,2025-03-25 17:28:57
1,2022-07-24 12:30:00,10,free_flow,1.7954545454545454,1.5733280076815388,14.397750000000002,2025-03-25 17:28:57
1,2022-07-24 12:30:00,15,free_flow,1.7954545454545454,1.572590451526985,14.397750000000002,2025-03-25 17:28:57
1,2022-07-24 12:30:00,30,free_flow,1.7954545454545454,1.5725275910896497,14.397750000000002,2025-03-25 17:28:57
1,2022-07-17 05:15:00,5,free_flow,1.0,1.0159323547208197,9.953837626264837,2025-03-25 17:28:57
1,2022-07-17 05:15:00,10,free_flow,1.0,1.0159178596409062,9.95765383312408,2025-03-25 17:28:57
1,2022-07-17 05:15:00,15,free_flow,1.0,1.0159087668360047,9.95990551351254,2025-03-25 17:28:58
1,2022-07-17 05:15:00,30,free_flow,1.0,1.0159076761682144,9.96024869025016,2025-03-25 17:28:58
1,2022-07-11 09:25:00,5,free_flow,1.2913223140495869,1.2408910714584758,9.991678187308333,2025-03-25 17:28:58
1,2022-07-11 09:25:00,10,free_flow,1.2913223140495869,1.2401742496371078,9.991666666666815,2025-03-25 17:28:58
1,2022-07-11 09:25:00,15,free_flow,1.2913223140495869,1.2397217359786024,9.991666666666672,2025-03-25 17:28:58
1,2022-07-11 09:25:00,30,free_flow,1.2913223140495869,1.2396736769794106,9.991666666666672,2025-03-25 17:28:58
1,2022-07-05 15:05:00,5,free_flow,2.159090909090909,1.8932290578399427,17.29791750851002,2025-03-25 17:28:58
1,2022-07-05 15:05:00,10,free_flow,2.159090909090909,1.891505162797414,17.29791666666667,2025-03-25 17:28:58
1,2022-07-05 15:05:00,15,free_flow,2.159090909090909,1.8903783584838156,17.297916666666673,2025-03-25 17:28:58
1,2022-07-05 15:05:00,30,free_flow,2.159090909090909,1.890323514855045,17.29791666666667,2025-03-25 17:28:58
1,2022-08-24 11:20:00,5,free_flow,1.25,1.0939717996384868,10.014583749007437,2025-03-25 17:28:58
1,2022-08-24 11:20:00,10,free_flow,1.25,1.0934626408236034,10.01458333333334,2025-03-25 17:28:58
1,2022-08-24 11:20:00,15,free_flow,1.25,1.0931523015068356,10.014583333333333,2025-03-25 17:28:58
1,2022-08-24 11:20:00,30,free_flow,1.25,1.093110713328503,10.014583333333338,2025-03-25 17:28:58
2,2022-08-19 23:05:00,5,free_flow,1.0,1.0141857034473156,9.936754288408327,2025-03-25 17:28:58
2,2022-08-19 23:05:00,10,free_flow,1.0,1.014172811898932,9.94057049979075,2025-03-25 17:28:58
2,2022-08-19 23:05:00,15,free_flow,1.0,1.014164725652252,9.942822180179208,2025-03-25 17:28:58
2,2022-08-19 23:05:00,30,free_flow,1.0,1.014163754836928,9.943165356916827,2025-03-25 17:28:58
2,2022-07-23 05:35:00,5,free_flow,1.0,1.0304173073774232,10.095504281511323,2025-03-25 17:28:58
2,2022-07-23 05:35:00,10,free_flow,1.0,1.0303893864751104,10.09932049979075,2025-03-25 17:28:58
2,2022-07-23 05:35:00,15,free_flow,1.0,1.0303718538567865,10.10157218017921,2025-03-25 17:28:58
2,2022-07-23 05:35:00,30,free_flow,1.0,1.0303697668102236,10.101915356916829,2025-03-25 17:28:58
2,2022-07-25 07:55:00,5,free_flow,2.918388429752066,2.8185875719935263,22.58129534032214,2025-03-25 17:28:58
2,2022-07-25 07:55:00,10,free_flow,2.918388429752066,2.8145194401633096,22.581166666679238,2025-03-25 17:28:58
2,2022-07-25 07:55:00,15,free_flow,2.918388429752066,2.8117337490610006,22.581166666666675,2025-03-25 17:28:58
2,2022-07-25 07:55:00,30,free_flow,2.918388429752066,2.812095183608362,22.581166666666665,2025-03-25 17:28:58
2,2022-07-26 16:10:00,5,free_flow,2.5681818181818183,2.0524244297658467,18.74388159477263,2025-03-25 17:28:58
2,2022-07-26 16:10:00,10,free_flow,2.5681818181818183,2.0503741103141717,18.743875000000017,2025-03-25 17:28:58
2,2022-07-26 16:10:00,15,free_flow,2.5681818181818183,2.049022730591237,18.743875000000006,2025-03-25 17:28:58
2,2022-07-26 16:10:00,30,free_flow,2.5681818181818183,2.048983408498573,18.743875000000003,2025-03-25 17:28:58
2,2022-07-20 12:55:00,5,free_flow,3.1363636363636362,2.7577114982858997,25.127509031097066,2025-03-25 17:28:58
2,2022-07-20 12:55:00,10,free_flow,3.1363636363636362,2.753923804586644,25.127500000000023,2025-03-25 17:28:58
2,2022-07-20 12:55:00,15,free_flow,3.1363636363636362,2.7513624396686036,25.127499999999998,2025-03-25 17:28:58
2,2022-07-20 12:55:00,30,free_flow,3.1363636363636362,2.7515405283339676,25.127499999999998,2025-03-25 17:28:58
2,2022-08-03 16:20:00,5,free_flow,3.5681818181818183,2.859151734262149,26.04238615733058,2025-03-25 17:28:58
2,2022-08-03 16:20:00,10,free_flow,3.5681818181818183,2.855078709204962,26.042375000000025,2025-03-25 17:28:58
2,2022-08-03 16:20:00,15,free_flow,3.5681818181818183,2.8523182209970663,26.042375000000007,2025-03-25 17:28:58
2,2022-08-03 16:20:00,30,free_flow,3.5681818181818183,2.8525542741913728,26.042375000000007,2025-03-25 17:28:58
2,2022-08-08 22:45:00,5,free_flow,1.0,1.0231537994215625,9.555233753706593,2025-03-25 17:28:58
2,2022-08-08 22:45:00,10,free_flow,1.0,1.0231317969176403,9.559040783413261,2025-03-25 17:28:58
2,2022-08-08 22:45:00,15,free_flow,1.0,1.0231177658261894,9.561323125649542,2025-03-25 17:28:58
2,2022-08-08 22:45:00,30,free_flow,1.0,1.023116250015,9.561654718683398,2025-03-25 17:28:58
2,2022-07-29 03:30:00,5,free_flow,1.0,1.039406979427116,10.18342094584071,2025-03-25 17:28:58
2,2022-07-29 03:30:00,10,free_flow,1.0,1.0393706064478627,10.187237166457416,2025-03-25 17:28:58
2,2022-07-29 03:30:00,15,free_flow,1.0,1.0393477527942419,10.189488846845874,2025-03-25 17:28:58
2,2022-07-29 03:30:00,30,free_flow,1.0,1.0393450453654471,10.189832023583497,2025-03-25 17:28:58
2,2022-07-15 23:30:00,5,free_flow,1.0,1.0220670417369464,10.013837618871927,2025-03-25 17:28:58
2,2022-07-15 23:30:00,10,free_flow,1.0,1.0220468897267372,10.01765383312408,2025-03-25 17:28:58
2,2022-07-15 23:30:00,15,free_flow,1.0,1.022034242631216,10.019905513512539,2025-03-25 17:28:58
2,2022-07-15 23:30:00,30,free_flow,1.0,1.0220327304941632,10.020248690250162,2025-03-25 17:28:58
2,2022-08-07 08:35:00,5,free_flow,1.339712918660287,1.1646524481268095,10.126676451947148,2025-03-25 17:28:58
2,2022-08-07 08:35:00,10,free_flow,1.339712918660287,1.1640551397162746,10.126666666666749,2025-03-25 17:28:58
2,2022-08-07 08:35:00,15,free_flow,1.339712918660287,1.1636865201598314,10.126666666666667,2025-03-25 17:28:58
2,2022-08-07 08:35:00,30,free_flow,1.339712918660287,1.1636408292705085,10.126666666666669,2025-03-25 17:28:58
2,2022-08-23 07:20:00,5,free_flow,1.678719008264463,1.6147233829784386,12.989227887259775,2025-03-25 17:28:58
2,2022-08-23 07:20:00,10,free_flow,1.678719008264463,1.6134378746891394,12.98916666667138,2025-03-25 17:28:58
2,2022-08-23 07:20:00,15,free_flow,1.678719008264463,1.6126022512241804,12.989166666666668,2025-03-25 17:28:58
2,2022-08-23 07:20:00,30,free_flow,1.678719008264463,1.6125514576242759,12.989166666666668,2025-03-25 17:28:58
2,2022-08-10 09:45:00,5,free_flow,3.3832644628099175,3.273702236057384,26.17832919555603,2025-03-25 17:28:58
2,2022-08-10 09:45:00,10,free_flow,3.3832644628099175,3.268294651832204,26.178166666684586,2025-03-25 17:28:58
2,2022-08-10 09:45:00,15,free_flow,3.3832644628099175,3.2645739612990137,26.17816666666667,2025-03-25 17:28:58
2,2022-08-10 09:45:00,30,free_flow,3.3832644628099175,3.2654113948672543,26.17816666666667,2025-03-25 17:28:58
2,2022-08-17 16:20:00,5,free_flow,4.340909090909091,3.4867238986858995,31.682141190986417,2025-03-25 17:28:58
2,2022-08-17 16:20:00,10,free_flow,4.340909090909091,3.4807291158109934,31.682125000000056,2025-03-25 17:28:58
2,2022-08-17 16:20:00,15,free_flow,4.340909090909091,3.476634847906328,31.682125,2025-03-25 17:28:58
2,2022-08-17 16:20:00,30,free_flow,4.340909090909091,3.477439991543626,31.682125,2025-03-25 17:28:58
2,2022-08-05 14:40:00,5,free_flow,4.045454545454546,3.5681105060569336,32.410847701378664,2025-03-25 17:28:58
2,2022-08-05 14:40:00,10,free_flow,4.045454545454546,3.5618500260423778,32.41083333333338,2025-03-25 17:28:58
2,2022-08-05 14:40:00,15,free_flow,4.045454545454546,3.5575730923909474,32.41083333333335,2025-03-25 17:28:58
2,2022-08-05 14:40:00,30,free_flow,4.045454545454546,3.5584832823163994,32.410833333333336,2025-03-25 17:28:58
2,2022-07-26 21:00:00,5,free_flow,1.0,1.0314236462767752,9.63231707355653,2025-03-25 17:28:58
2,2022-07-26 21:00:00,10,free_flow,1.0,1.0313936349451718,9.636124116746592,2025-03-25 17:28:58
2,2022-07-26 21:00:00,15,free_flow,1.0,1.0313744861204892,9.638406458982873,2025-03-25 17:28:58
2,2022-07-26 21:00:00,30,free_flow,1.0,1.0313724286897077,9.638738052016727,2025-03-25 17:28:58
2,2022-07-26 18:00:00,5,free_flow,4.8192771084337345,3.8850819593261168,29.19484860151582,2025-03-25 17:28:58
2,2022-07-26 18:00:00,10,free_flow,4.8192771084337345,3.8777015467806493,29.194000000509906,2025-03-25 17:28:58
2,2022-07-26 18:00:00,15,free_flow,4.8192771084337345,3.872682639489095,29.194,2025-03-25 17:28:58
2,2022-07-26 18:00:00,30,free_flow,4.8192771084337345,3.8750840787210006,29.194000000000013,2025-03-25 17:28:58
2,2022-07-11 13:05:00,5,free_flow,1.1136363636363635,1.0826780646217145,9.911419466260481,2025-03-25 17:28:58
2,2022-07-11 13:05:00,10,free_flow,1.1136363636363635,1.0825955377654557,9.915211464574254,2025-03-25 17:28:58
2,2022-07-11 13:05:00,15,free_flow,1.1136363636363635,1.082542426476876,9.917497371378362,2025-03-25 17:28:58
2,2022-07-11 13:05:00,30,free_flow,1.1136363636363635,1.0825371507564818,9.917823536874572,2025-03-25 17:28:58
2,2022-07-31 02:55:00,5,free_flow,1.0,1.0101386387168805,9.897170956223418,2025-03-25 17:28:58
2,2022-07-31 02:55:00,10,free_flow,1.0,1.0101294481985879,9.900987166457414,2025-03-25 17:28:59
2,2022-07-31 02:55:00,15,free_flow,1.0,1.0101236849842936,9.903238846845872,2025-03-25 17:28:59
2,2022-07-31 02:55:00,30,free_flow,1.0,1.0101229916121595,9.903582023583493,2025-03-25 17:28:59
2,2022-08-04 20:10:00,5,free_flow,1.0,1.039693828893328,9.709400393337278,2025-03-25 17:28:59
2,2022-08-04 20:10:00,10,free_flow,1.0,1.0396557293061257,9.713207450079926,2025-03-25 17:28:59
2,2022-08-04 20:10:00,15,free_flow,1.0,1.0396314064975987,9.715489792316207,2025-03-25 17:28:59
2,2022-08-04 20:10:00,30,free_flow,1.0,1.0396288075410878,9.71582138535006,2025-03-25 17:28:59
2,2022-08-20 17:10:00,5,free_flow,7.449494949494949,6.6400931420203175,53.3464381175959,2025-03-25 17:28:59
2,2022-08-20 17:10:00,10,free_flow,7.449494949494949,6.624900424107111,53.34583333349247,2025-03-25 17:28:59
2,2022-08-20 17:10:00,15,free_flow,7.449494949494949,6.6163905482234195,53.34583333333333,2025-03-25 17:28:59
2,2022-08-20 17:10:00,30,free_flow,7.449494949494949,6.6334939110119935,53.34583333333333,2025-03-25 17:28:59
2,2022-07-15 13:45:00,5,free_flow,1.7045454545454546,1.49309544081891,13.656253778495175,2025-03-25 17:28:59
2,2022-07-15 13:45:00,10,free_flow,1.7045454545454546,1.4920697724094454,13.656250000000007,2025-03-25 17:28:59
2,2022-07-15 13:45:00,15,free_flow,1.7045454545454546,1.4914182398653444,13.65625,2025-03-25 17:28:59
2,2022-07-15 13:45:00,30,free_flow,1.7045454545454546,1.491356982787371,13.65625,2025-03-25 17:28:59
2,2022-08-06 11:35:00,5,free_flow,1.9318181818181819,1.6945819842902243,15.4912544040467,2025-03-25 17:28:59
2,2022-08-06 11:35:00,10,free_flow,1.9318181818181819,1.6932265289947848,15.491250000000008,2025-03-25 17:28:59
2,2022-08-06 11:35:00,15,free_flow,1.9318181818181819,1.6923519990968268,15.491249999999999,2025-03-25 17:28:59
2,2022-08-06 11:35:00,30,free_flow,1.9318181818181819,1.692289159179135,15.491249999999999,2025-03-25 17:28:59
2,2022-07-23 12:05:00,5,free_flow,1.6136363636363635,1.4144933021985062,12.939753502008628,2025-03-25 17:28:59
2,2022-07-23 12:05:00,10,free_flow,1.6136363636363635,1.4135838546349753,12.939750000000004,2025-03-25 17:28:59
2,2022-07-23 12:05:00,15,free_flow,1.6136363636363635,1.413010139018954,12.939750000000002,2025-03-25 17:28:59
2,2022-07-23 12:05:00,30,free_flow,1.6136363636363635,1.4129514442411586,12.939750000000002,2025-03-25 17:28:59
2,2022-07-12 09:55:00,5,free_flow,1.2396694214876034,1.1981323985606103,9.648352348745746,2025-03-25 17:28:59
2,2022-07-12 09:55:00,10,free_flow,1.2396694214876034,1.1979090302517215,9.65187428962014,2025-03-25 17:28:59
2,2022-07-12 09:55:00,15,free_flow,1.2396694214876034,1.1977626904466192,9.654050403070087,2025-03-25 17:28:59
2,2022-07-12 09:55:00,30,free_flow,1.2396694214876034,1.197752255489512,9.654338781921439,2025-03-25 17:28:59
2,2022-07-14 18:10:00,5,free_flow,1.9989047097480832,1.5962494927167292,12.109102454209223,2025-03-25 17:28:59
2,2022-07-14 18:10:00,10,free_flow,1.9989047097480832,1.5949274345410285,12.10887500007211,2025-03-25 17:28:59
2,2022-07-14 18:10:00,15,free_flow,1.9989047097480832,1.5940716402144035,12.108875,2025-03-25 17:28:59
2,2022-07-14 18:10:00,30,free_flow,1.9989047097480832,1.5940318055061915,12.108875,2025-03-25 17:28:59
2,2022-07-28 19:20:00,5,free_flow,2.190580503833516,1.7501424545798427,13.2702549468314,2025-03-25 17:28:59
2,2022-07-28 19:20:00,10,free_flow,2.190580503833516,1.7485364161446222,13.270000000083087,2025-03-25 17:28:59
2,2022-07-28 19:20:00,15,free_flow,2.190580503833516,1.7474841099261744,13.270000000000008,2025-03-25 17:28:59
2,2022-07-28 19:20:00,30,free_flow,2.190580503833516,1.7474591325229576,13.270000000000008,2025-03-25 17:28:59
2,2022-07-21 12:15:00,5,free_flow,1.5227272727272727,1.3333345879157403,12.19958662171541,2025-03-25 17:28:59
2,2022-07-21 12:15:00,10,free_flow,1.5227272727272727,1.3325376978431063,12.199583333333338,2025-03-25 17:28:59
2,2022-07-21 12:15:00,15,free_flow,1.5227272727272727,1.3320388713649751,12.199583333333335,2025-03-25 17:28:59
2,2022-07-21 12:15:00,30,free_flow,1.5227272727272727,1.3319836752758785,12.199583333333335,2025-03-25 17:28:59
2,2022-07-06 18:05:00,5,free_flow,2.08105147864184,1.6621802446054044,12.606739064016809,2025-03-25 17:28:59
2,2022-07-06 18:05:00,10,free_flow,2.08105147864184,1.6607396547888724,12.606500000076664,2025-03-25 17:28:59
2,2022-07-06 18:05:00,15,free_flow,2.08105147864184,1.6598020346878857,12.606500000000006,2025-03-25 17:28:59
2,2022-07-06 18:05:00,30,free_flow,2.08105147864184,1.6597674143278192,12.606500000000006,2025-03-25 17:28:59
2,2022-07-26 03:05:00,5,free_flow,1.0,1.0126094694711762,9.921337622313905,2025-03-25 17:28:59
2,2022-07-26 03:05:00,10,free_flow,1.0,1.0125980215695252,9.92515383312408,2025-03-25 17:28:59
2,2022-07-26 03:05:00,15,free_flow,1.0,1.0125908416166562,9.927405513512541,2025-03-25 17:28:59
2,2022-07-26 03:05:00,30,free_flow,1.0,1.0125899789024049,9.92774869025016,2025-03-25 17:28:59
2,2022-08-16 05:50:00,5,free_flow,1.0,1.0267959798320176,10.060087617143184,2025-03-25 17:28:59
2,2022-08-16 05:50:00,10,free_flow,1.0,1.0267714377464892,10.063903833124083,2025-03-25 17:28:59
2,2022-08-16 05:50:00,15,free_flow,1.0,1.0267560306138634,10.066155513512538,2025-03-25 17:28:59
2,2022-08-16 05:50:00,30,free_flow,1.0,1.0267541930598412,10.066498690250159,2025-03-25 17:28:59
2,2022-07-20 14:55:00,5,free_flow,3.3863636363636362,2.9799194124414052,27.130426965197334,2025-03-25 17:28:59
2,2022-07-20 14:55:00,10,free_flow,3.3863636363636362,2.975496958750096,27.13041666666669,2025-03-25 17:28:59
2,2022-07-20 14:55:00,15,free_flow,3.3863636363636362,2.9724925579287578,27.130416666666665,2025-03-25 17:28:59
2,2022-07-20 14:55:00,30,free_flow,3.3863636363636362,2.972808636322807,27.130416666666665,2025-03-25 17:28:59
2,2022-08-16 17:10:00,5,free_flow,5.175246440306681,4.178505784491407,31.35135094802106,2025-03-25 17:28:59
2,2022-08-16 17:10:00,10,free_flow,5.175246440306681,4.170226569042258,31.350375000657767,2025-03-25 17:28:59
2,2022-08-16 17:10:00,15,free_flow,5.175246440306681,4.164649616027508,31.350375000000025,2025-03-25 17:28:59
2,2022-08-16 17:10:00,30,free_flow,5.175246440306681,4.167952971296476,31.350375000000014,2025-03-25 17:28:59
2,2022-08-24 05:10:00,5,free_flow,1.0,1.0331013888790193,10.121754281496685,2025-03-25 17:28:59
2,2022-08-24 05:10:00,10,free_flow,1.0,1.0330709539045895,10.12557049979075,2025-03-25 17:28:59
2,2022-08-24 05:10:00,15,free_flow,1.0,1.0330518392366177,10.12782218017921,2025-03-25 17:28:59
2,2022-08-24 05:10:00,30,free_flow,1.0,1.033049567111015,10.12816535691683,2025-03-25 17:28:59
2,2022-08-10 00:00:00,5,free_flow,1.0,1.0063046454736626,9.859670957930604,2025-03-25 17:28:59
2,2022-08-10 00:00:00,10,free_flow,1.0,1.0062989440216916,9.863487166457418,2025-03-25 17:28:59
2,2022-08-10 00:00:00,15,free_flow,1.0,1.0062953696800399,9.865738846845877,2025-03-25 17:28:59
2,2022-08-10 00:00:00,30,free_flow,1.0,1.0062949387989881,9.866082023583497,2025-03-25 17:28:59
2,2022-08-10 06:30:00,5,free_flow,1.0,1.0378305647362402,10.168004279755605,2025-03-25 17:28:59
2,2022-08-10 06:30:00,10,free_flow,1.0,1.037795680489236,10.171820499790748,2025-03-25 17:28:59
2,2022-08-10 06:30:00,15,free_flow,1.0,1.037773764532729,10.174072180179207,2025-03-25 17:28:59
2,2022-08-10 06:30:00,30,free_flow,1.0,1.0377711659954354,10.174415356916827,2025-03-25 17:28:59
2,2022-07-15 03:00:00,5,free_flow,1.0,1.011033246696719,9.90592095621892,2025-03-25 17:28:59
2,2022-07-15 03:00:00,10,free_flow,1.0,1.011023239627625,9.909737166457415,2025-03-25 17:28:59
2,2022-07-15 03:00:00,15,free_flow,1.0,1.0110169640114837,9.91198884684587,2025-03-25 17:28:59
2,2022-07-15 03:00:00,30,free_flow,1.0,1.0110162093419985,9.912332023583494,2025-03-25 17:28:59
2,2022-07-24 15:20:00,5,free_flow,2.6136363636363638,2.2966572159290273,20.958756733975353,2025-03-25 17:28:59
2,2022-07-24 15:20:00,10,free_flow,2.6136363636363638,2.2940573342493935,20.958750000000013,2025-03-25 17:28:59
2,2022-07-24 15:20:00,15,free_flow,2.6136363636363638,2.292324693759825,20.95875000000001,2025-03-25 17:28:59
2,2022-07-24 15:20:00,30,free_flow,2.6136363636363638,2.2923294665199063,20.958750000000002,2025-03-25 17:28:59
2,2022-07-25 05:40:00,5,free_flow,1.0,1.0299486617114804,10.090920949321108,2025-03-25 17:28:59
2,2022-07-25 05:40:00,10,free_flow,1.0,1.029921178819347,10.094737166457415,2025-03-25 17:28:59
2,2022-07-25 05:40:00,15,free_flow,1.0,1.0299039218477681,10.096988846845877,2025-03-25 17:29:00
2,2022-07-25 05:40:00,30,free_flow,1.0,1.0299018671026965,10.097332023583492,2025-03-25 17:29:00
2,2022-08-13 07:20:00,5,free_flow,1.5311004784688995,1.3315245122457078,11.5733447770734,2025-03-25 17:29:00
2,2022-08-13 07:20:00,10,free_flow,1.5311004784688995,1.330717397103893,11.573333333333432,2025-03-25 17:29:00
2,2022-08-13 07:20:00,15,free_flow,1.5311004784688995,1.3302101107295832,11.573333333333332,2025-03-25 17:29:00
2,2022-08-13 07:20:00,30,free_flow,1.5311004784688995,1.3301559387611201,11.573333333333332,2025-03-25 17:29:00
2,2022-07-25 08:40:00,5,free_flow,1.962809917355372,1.88950713454096,15.187407685491758,2025-03-25 17:29:00
2,2022-07-25 08:40:00,10,free_flow,1.962809917355372,1.88770744492432,15.187333333339318,2025-03-25 17:29:00
2,2022-07-25 08:40:00,15,free_flow,1.962809917355372,1.8865158627188712,15.187333333333335,2025-03-25 17:29:00
2,2022-07-25 08:40:00,30,free_flow,1.962809917355372,1.8864876474104924,15.187333333333335,2025-03-25 17:29:00
2,2022-08-23 23:25:00,5,free_flow,1.0,1.011033246696719,9.90592095621892,2025-03-25 17:29:00
2,2022-08-23 23:25:00,10,free_flow,1.0,1.011023239627625,9.909737166457415,2025-03-25 17:29:00
2,2022-08-23 23:25:00,15,free_flow,1.0,1.0110169640114837,9.91198884684587,2025-03-25 17:29:00
2,2022-08-23 23:25:00,30,free_flow,1.0,1.0110162093419985,9.912332023583494,2025-03-25 17:29:00
2,2022-07-13 03:15:00,5,free_flow,1.0,1.0047284673961276,9.844254291833387,2025-03-25 17:29:00
2,2022-07-13 03:15:00,10,free_flow,1.0,1.0047241955245327,9.848070499790747,2025-03-25 17:29:00
2,2022-07-13 03:15:00,15,free_flow,1.0,1.0047215176980928,9.850322180179207,2025-03-25 17:29:00
2,2022-07-13 03:15:00,30,free_flow,1.0,1.0047211946285628,9.850665356916826,2025-03-25 17:29:00
2,2022-07-16 09:50:00,5,free_flow,1.3636363636363635,1.185502683665219,10.307509987704718,2025-03-25 17:29:00
2,2022-07-16 09:50:00,10,free_flow,1.3636363636363635,1.1848809410465613,10.307500000000086,2025-03-25 17:29:00
2,2022-07-16 09:50:00,15,free_flow,1.3636363636363635,1.1844962935559606,10.307500000000005,2025-03-25 17:29:00
2,2022-07-16 09:50:00,30,free_flow,1.3636363636363635,1.1844494205561173,10.307500000000001,2025-03-25 17:29:00
2,2022-07-24 23:15:00,5,free_flow,1.0,1.00724183770421,9.868837624030444,2025-03-25 17:29:00
2,2022-07-24 23:15:00,10,free_flow,1.0,1.0072352849215598,9.872653833124083,2025-03-25 17:29:00
2,2022-07-24 23:15:00,15,free_flow,1.0,1.0072311765903559,9.874905513512537,2025-03-25 17:29:00
2,2022-07-24 23:15:00,30,free_flow,1.0,1.0072306815768934,9.875248690250162,2025-03-25 17:29:00
2,2022-08-16 00:00:00,5,free_flow,1.0,1.0094570351129692,9.890504290123374,2025-03-25 17:29:00
2,2022-08-16 00:00:00,10,free_flow,1.0,1.0094484660627048,9.894320499790748,2025-03-25 17:29:00
2,2022-08-16 00:00:00,15,free_flow,1.0,1.0094430928268883,9.896572180179206,2025-03-25 17:29:00
2,2022-08-16 00:00:00,30,free_flow,1.0,1.0094424461450595,9.89691535691683,2025-03-25 17:29:00
2,2022-08-18 23:10:00,5,free_flow,1.0,1.0126094694711762,9.921337622313905,2025-03-25 17:29:00
2,2022-08-18 23:10:00,10,free_flow,1.0,1.0125980215695252,9.92515383312408,2025-03-25 17:29:00
2,2022-08-18 23:10:00,15,free_flow,1.0,1.0125908416166562,9.927405513512541,2025-03-25 17:29:00
2,2022-08-18 23:10:00,30,free_flow,1.0,1.0125899789024049,9.92774869025016,2025-03-25 17:29:00
2,2022-07-30 04:05:00,5,free_flow,1.0,1.0101386387168805,9.897170956223418,2025-03-25 17:29:00
2,2022-07-30 04:05:00,10,free_flow,1.0,1.0101294481985879,9.900987166457414,2025-03-25 17:29:00
2,2022-07-30 04:05:00,15,free_flow,1.0,1.0101236849842936,9.903238846845872,2025-03-25 17:29:00
2,2022-07-30 04:05:00,30,free_flow,1.0,1.0101229916121595,9.903582023583493,2025-03-25 17:29:00
2,2022-08-24 17:45:00,5,free_flow,6.1062431544359255,4.951904823952793,36.99151816964926,2025-03-25 17:29:00
2,2022-08-24 17:45:00,10,free_flow,6.1062431544359255,4.941402882386721,36.990125001312045,2025-03-25 17:29:00
2,2022-08-24 17:45:00,15,free_flow,6.1062431544359255,4.934643220434995,36.99012500000001,2025-03-25 17:29:00
2,2022-08-24 17:45:00,30,free_flow,6.1062431544359255,4.9413928585802465,36.99012500000001,2025-03-25 17:29:00
2,2022-07-28 03:40:00,5,free_flow,1.0,1.0189144726954846,9.983004286688203,2025-03-25 17:29:00
2,2022-07-28 03:40:00,10,free_flow,1.0,1.0188972333173967,9.98682049979075,2025-03-25 17:29:00
2,2022-07-28 03:40:00,15,free_flow,1.0,1.0188864164400466,9.989072180179209,2025-03-25 17:29:00
2,2022-07-28 03:40:00,30,free_flow,1.0,1.0188851209917256,9.989415356916824,2025-03-25 17:29:00
2,2022-08-19 16:40:00,5,free_flow,4.818181818181818,3.8764310453413438,35.16552022754829,2025-03-25 17:29:00
2,2022-08-19 16:40:00,10,free_flow,4.818181818181818,3.8691362631602124,35.16550000000007,2025-03-25 17:29:00
2,2022-08-19 16:40:00,15,free_flow,4.818181818181818,3.8641560948985876,35.16550000000001,2025-03-25 17:29:00
2,2022-08-19 16:40:00,30,free_flow,4.818181818181818,3.8655421903361638,35.1655,2025-03-25 17:29:00
3,2022-07-28 00:45:00,5,free_flow,1.0,1.0011216849923847,7.133800572197521,2025-03-25 17:29:00
3,2022-07-28 00:45:00,10,free_flow,1.0,1.0042573171447609,7.158908931400378,2025-03-25 17:29:00
3,2022-07-28 00:45:00,15,free_flow,1.0,1.0043276652351878,7.1610648645108625,2025-03-25 17:29:00
3,2022-07-28 00:45:00,30,free_flow,1.0,1.0043277595740039,7.161317229272801,2025-03-25 17:29:00
3,2022-08-21 02:00:00,5,free_flow,1.0,1.0035993959713427,7.151425984187004,2025-03-25 17:29:00
3,2022-08-21 02:00:00,10,free_flow,1.0,1.0156261200400587,7.239852962783786,2025-03-25 17:29:00
3,2022-08-21 02:00:00,15,free_flow,1.0,1.015907204668704,7.243556517611283,2025-03-25 17:29:00
3,2022-08-21 02:00:00,30,free_flow,1.0,1.0159076761681947,7.243817229272703,2025-03-25 17:29:00
3,2022-07-29 15:10:00,5,free_flow,4.78125,4.499540493206094,29.601872248197978,2025-03-25 17:29:00
3,2022-07-29 15:10:00,10,free_flow,4.78125,4.282719922597507,28.260431288671395,2025-03-25 17:29:00
3,2022-07-29 15:10:00,15,free_flow,4.78125,4.216565404445409,27.869321523156632,2025-03-25 17:29:00
3,2022-07-29 15:10:00,30,free_flow,4.78125,4.217039664689298,27.858750005403632,2025-03-25 17:29:00
3,2022-08-06 12:00:00,5,free_flow,2.71875,2.5386696605237926,16.835699354014533,2025-03-25 17:29:00
3,2022-08-06 12:00:00,10,free_flow,2.71875,2.418137490243835,16.061842379093765,2025-03-25 17:29:00
3,2022-08-06 12:00:00,15,free_flow,2.71875,2.385736273878931,15.860495113709348,2025-03-25 17:29:00
3,2022-08-06 12:00:00,30,free_flow,2.71875,2.3850478376081115,15.855750001476366,2025-03-25 17:29:00
3,2022-08-13 02:50:00,5,free_flow,1.1098130841121496,1.0638590080808892,7.58002696382099,2025-03-25 17:29:00
3,2022-08-13 02:50:00,10,free_flow,1.1098130841121496,1.0767072206823047,7.674686386062787,2025-03-25 17:29:00
3,2022-08-13 02:50:00,15,free_flow,1.1098130841121496,1.07558590861716,7.668662467714832,2025-03-25 17:29:00
3,2022-08-13 02:50:00,30,free_flow,1.1098130841121496,1.0755673725489012,7.668817229276126,2025-03-25 17:29:00
3,2022-07-15 07:10:00,5,free_flow,1.5980113636363633,1.5747392455597509,9.213809622742042,2025-03-25 17:29:00
3,2022-07-15 07:10:00,10,free_flow,1.5980113636363633,1.5693114817797165,9.189197458070435,2025-03-25 17:29:00
3,2022-07-15 07:10:00,15,free_flow,1.5980113636363633,1.536724326713321,9.003378735763759,2025-03-25 17:29:00
3,2022-07-15 07:10:00,30,free_flow,1.5980113636363633,1.5348098376965036,8.992500041801387,2025-03-25 17:29:00
3,2022-08-24 20:15:00,5,free_flow,1.2867647058823528,1.2127908371672413,8.234202771541058,2025-03-25 17:29:01
3,2022-08-24 20:15:00,10,free_flow,1.2867647058823528,1.1382995326300802,7.7333381745955,2025-03-25 17:29:01
3,2022-08-24 20:15:00,15,free_flow,1.2867647058823528,1.125552701298943,7.649092713264399,2025-03-25 17:29:01
3,2022-08-24 20:15:00,30,free_flow,1.2867647058823528,1.1252743498725506,7.647500000262114,2025-03-25 17:29:01
3,2022-08-17 06:40:00,5,free_flow,1.0,1.015672005701929,7.237302733943973,2025-03-25 17:29:01
3,2022-08-17 06:40:00,10,free_flow,1.0,1.0596043531497785,7.552941218891077,2025-03-25 17:29:01
3,2022-08-17 06:40:00,15,free_flow,1.0,1.0605917467173982,7.561861821873086,2025-03-25 17:29:01
3,2022-08-17 06:40:00,30,free_flow,1.0,1.0605930628251068,7.562150562605684,2025-03-25 17:29:01
3,2022-07-13 15:30:00,5,free_flow,3.0625,2.883998904752555,19.1027973763406,2025-03-25 17:29:01
3,2022-07-13 15:30:00,10,free_flow,3.0625,2.7250205297285985,18.084323410277907,2025-03-25 17:29:01
3,2022-07-13 15:30:00,15,free_flow,3.0625,2.6869448454189415,17.849711305510624,2025-03-25 17:29:01
3,2022-07-13 15:30:00,30,free_flow,3.0625,2.6862491501069212,17.844166668480536,2025-03-25 17:29:01
3,2022-08-23 07:45:00,5,free_flow,1.917613636363636,1.8891632104778944,11.043388624795858,2025-03-25 17:29:01
3,2022-08-23 07:45:00,10,free_flow,1.917613636363636,1.8847133055123262,11.027897091106702,2025-03-25 17:29:01
3,2022-08-23 07:45:00,15,free_flow,1.917613636363636,1.845183573043291,10.804268787164878,2025-03-25 17:29:01
3,2022-08-23 07:45:00,30,free_flow,1.917613636363636,1.8428751471289275,10.791000052958971,2025-03-25 17:29:01
3,2022-07-14 18:40:00,5,free_flow,2.033132530120482,1.785753541583998,9.846355994706146,2025-03-25 17:29:01
3,2022-07-14 18:40:00,10,free_flow,2.033132530120482,1.6880803493752203,9.318664828104483,2025-03-25 17:29:01
3,2022-07-14 18:40:00,15,free_flow,2.033132530120482,1.6261738154578878,8.98322584828073,2025-03-25 17:29:01
3,2022-07-14 18:40:00,30,free_flow,2.033132530120482,1.6214183333039662,8.957250286647122,2025-03-25 17:29:01
3,2022-07-16 14:00:00,5,free_flow,1.6875,1.5763246855461681,10.48330433121843,2025-03-25 17:29:01
3,2022-07-16 14:00:00,10,free_flow,1.6875,1.497209731487261,9.965936538961705,2025-03-25 17:29:01
3,2022-07-16 14:00:00,15,free_flow,1.6875,1.4782392715154802,9.84424455551281,2025-03-25 17:29:01
3,2022-07-16 14:00:00,30,free_flow,1.6875,1.4777653762576284,9.84150000073921,2025-03-25 17:29:01
3,2022-08-23 03:00:00,5,free_flow,1.0,1.0044847050801318,7.157723659867031,2025-03-25 17:29:01
3,2022-08-23 03:00:00,10,free_flow,1.0,1.017029399345461,7.249843867936644,2025-03-25 17:29:01
3,2022-08-23 03:00:00,15,free_flow,1.0,1.0173109492530656,7.25355650601363,2025-03-25 17:29:01
3,2022-08-23 03:00:00,30,free_flow,1.0,1.0173113258709148,7.253817229272702,2025-03-25 17:29:01
3,2022-08-05 14:30:00,5,free_flow,5.53125,5.202675680653342,34.10819533642748,2025-03-25 17:29:01
3,2022-08-05 14:30:00,10,free_flow,5.53125,4.972642580476222,32.71002111681277,2025-03-25 17:29:01
3,2022-08-05 14:30:00,15,free_flow,5.53125,4.892542970631061,32.242434976913955,2025-03-25 17:29:01
3,2022-08-05 14:30:00,30,free_flow,5.53125,4.894520510127025,32.22875000911535,2025-03-25 17:29:01
3,2022-07-19 16:10:00,5,free_flow,2.375,2.0936591723289153,13.90409357989117,2025-03-25 17:29:01
3,2022-07-19 16:10:00,10,free_flow,2.375,1.924157474696146,12.796527637672833,2025-03-25 17:29:01
3,2022-07-19 16:10:00,15,free_flow,2.375,1.8949481531535226,12.610608056107123,2025-03-25 17:29:01
3,2022-07-19 16:10:00,30,free_flow,2.375,1.8942741144553787,12.606500001159807,2025-03-25 17:29:01
3,2022-07-10 19:20:00,5,free_flow,1.0,1.0017573486552769,6.003040848467894,2025-03-25 17:29:01
3,2022-07-10 19:20:00,10,free_flow,1.0,1.0455121425239702,6.267543121499425,2025-03-25 17:29:01
3,2022-07-10 19:20:00,15,free_flow,1.0,1.0495900385014671,6.293727877203843,2025-03-25 17:29:01
3,2022-07-10 19:20:00,30,free_flow,1.0,1.0496658273485608,6.294414003977297,2025-03-25 17:29:01
3,2022-08-03 05:55:00,5,free_flow,1.1974299065420562,1.1331509484392543,8.072722413425453,2025-03-25 17:29:01
3,2022-08-03 05:55:00,10,free_flow,1.1974299065420562,1.092902876009909,7.789966830973648,2025-03-25 17:29:01
3,2022-08-03 05:55:00,15,free_flow,1.1974299065420562,1.0887767001533726,7.762614394980595,2025-03-25 17:29:01
3,2022-08-03 05:55:00,30,free_flow,1.1974299065420562,1.0887288949260348,7.762567229282244,2025-03-25 17:29:01
3,2022-07-28 14:25:00,5,free_flow,3.03125,2.8545905978747355,18.91001350288433,2025-03-25 17:29:01
3,2022-07-28 14:25:00,10,free_flow,3.03125,2.696949789028116,17.899536190562692,2025-03-25 17:29:01
3,2022-07-28 14:25:00,15,free_flow,3.03125,2.6593345206094976,17.6675557040279,2025-03-25 17:29:01
3,2022-07-28 14:25:00,30,free_flow,3.03125,2.658636834937905,17.66208333511267,2025-03-25 17:29:01
3,2022-07-06 12:50:00,5,free_flow,1.40625,1.3245645134405508,8.814241543601113,2025-03-25 17:29:01
3,2022-07-06 12:50:00,10,free_flow,1.40625,1.2462660156908587,8.299185830202076,2025-03-25 17:29:01
3,2022-07-06 12:50:00,15,free_flow,1.40625,1.230331436849945,8.196025273007084,2025-03-25 17:29:01
3,2022-07-06 12:50:00,30,free_flow,1.40625,1.2299395364814172,8.19375000059177,2025-03-25 17:29:01
3,2022-07-11 23:50:00,5,free_flow,1.0,1.0078446225267423,7.181624316244691,2025-03-25 17:29:01
3,2022-07-11 23:50:00,10,free_flow,1.0,1.0298016728228916,7.340776224492362,2025-03-25 17:29:01
3,2022-07-11 23:50:00,15,free_flow,1.0,1.030294669941194,7.346048126638105,2025-03-25 17:29:01
3,2022-07-11 23:50:00,30,free_flow,1.0,1.0302953281819653,7.346317229272596,2025-03-25 17:29:01
3,2022-07-11 19:40:00,5,free_flow,1.0,1.0,5.525699204793438,2025-03-25 17:29:01
3,2022-07-11 19:40:00,10,free_flow,1.0,1.0,5.528237625488733,2025-03-25 17:29:01
3,2022-07-11 19:40:00,15,free_flow,1.0,1.0,5.529822772390098,2025-03-25 17:29:01
3,2022-07-11 19:40:00,30,free_flow,1.0,1.0,5.530019419281231,2025-03-25 17:29:01
3,2022-08-09 19:45:00,5,free_flow,2.4096385542168677,2.115515004046622,11.651629463976798,2025-03-25 17:29:01
3,2022-08-09 19:45:00,10,free_flow,2.4096385542168677,2.0027208923530777,11.046172178149888,2025-03-25 17:29:01
3,2022-08-09 19:45:00,15,free_flow,2.4096385542168677,1.9287117734450565,10.647386541160618,2025-03-25 17:29:01
3,2022-08-09 19:45:00,30,free_flow,2.4096385542168677,1.923005256058597,10.616000363478085,2025-03-25 17:29:01
3,2022-07-23 08:10:00,5,free_flow,1.3157894736842104,1.2286263629601888,7.768329293530802,2025-03-25 17:29:02
3,2022-07-23 08:10:00,10,free_flow,1.3157894736842104,1.163596303809036,7.361950794751892,2025-03-25 17:29:02
3,2022-07-23 08:10:00,15,free_flow,1.3157894736842104,1.1435103654857997,7.237328429343388,2025-03-25 17:29:02
3,2022-07-23 08:10:00,30,free_flow,1.3157894736842104,1.1428338040102606,7.233333336456501,2025-03-25 17:29:02
3,2022-08-22 23:20:00,5,free_flow,1.0,1.0028035788340528,7.145764891275305,2025-03-25 17:29:02
3,2022-08-22 23:20:00,10,free_flow,1.0,1.010643333944427,7.204376716905455,2025-03-25 17:29:02
3,2022-08-22 23:20:00,15,free_flow,1.0,1.0108192529979796,7.207310687816315,2025-03-25 17:29:02
3,2022-08-22 23:20:00,30,free_flow,1.0,1.0108194885945843,7.207567229272752,2025-03-25 17:29:02
3,2022-08-12 17:00:00,5,free_flow,6.814759036144579,5.927644689996574,32.00656582212686,2025-03-25 17:29:02
3,2022-08-12 17:00:00,10,free_flow,6.814759036144579,5.7808214631657435,31.30692310248855,2025-03-25 17:29:02
3,2022-08-12 17:00:00,15,free_flow,6.814759036144579,5.553982369126001,30.160750578639746,2025-03-25 17:29:02
3,2022-08-12 17:00:00,30,free_flow,6.814759036144579,5.538427157842718,30.02338073735085,2025-03-25 17:29:02
3,2022-08-08 09:35:00,5,free_flow,4.048295454545453,3.9771620484663393,23.05543430610896,2025-03-25 17:29:02
3,2022-08-08 09:35:00,10,free_flow,4.048295454545453,4.011890243397989,23.296846945500192,2025-03-25 17:29:02
3,2022-08-08 09:35:00,15,free_flow,4.048295454545453,3.9221834210824023,22.814506545364804,2025-03-25 17:29:02
3,2022-08-08 09:35:00,30,free_flow,4.048295454545453,3.918351428209885,22.78100021146486,2025-03-25 17:29:02
3,2022-07-18 20:00:00,5,free_flow,1.409313725490196,1.328302679660625,9.016247904776868,2025-03-25 17:29:02
3,2022-07-18 20:00:00,10,free_flow,1.409313725490196,1.2469459290952054,8.470070786360905,2025-03-25 17:29:02
3,2022-07-18 20:00:00,15,free_flow,1.409313725490196,1.2328980545240729,8.37758669449365,2025-03-25 17:29:02
3,2022-07-18 20:00:00,30,free_flow,1.409313725490196,1.2325892456842629,8.375833333624628,2025-03-25 17:29:02
3,2022-07-15 12:10:00,5,free_flow,1.59375,1.5011571912940487,9.985251593601493,2025-03-25 17:29:02
3,2022-07-15 12:10:00,10,free_flow,1.59375,1.412901585963658,9.406196584723245,2025-03-25 17:29:02
3,2022-07-15 12:10:00,15,free_flow,1.59375,1.3946752553351793,9.28885105245852,2025-03-25 17:29:02
3,2022-07-15 12:10:00,30,free_flow,1.59375,1.3942260161019777,9.28625000068781,2025-03-25 17:29:02
3,2022-08-06 06:15:00,5,free_flow,1.0,1.0089890801047163,7.189765293196732,2025-03-25 17:29:02
3,2022-08-06 06:15:00,10,free_flow,1.0,1.0390656600047832,7.4067288052146125,2025-03-25 17:29:02
3,2022-08-06 06:15:00,15,free_flow,1.0,1.0397692407732746,7.413539755487026,2025-03-25 17:29:02
3,2022-08-06 06:15:00,30,free_flow,1.0,1.0397704192929436,7.413817229272489,2025-03-25 17:29:02
3,2022-08-20 17:40:00,5,free_flow,6.458333333333333,5.970111277836973,35.028520829548555,2025-03-25 17:29:02
3,2022-08-20 17:40:00,10,free_flow,6.458333333333333,5.868735152152427,34.531199694468704,2025-03-25 17:29:02
3,2022-08-20 17:40:00,15,free_flow,6.458333333333333,5.713218598187734,33.694121317794874,2025-03-25 17:29:02
3,2022-08-20 17:40:00,30,free_flow,6.458333333333333,5.712256026571519,33.6350005038047,2025-03-25 17:29:02
3,2022-08-21 18:15:00,5,free_flow,12.083333333333332,10.970891289405957,62.30310819052124,2025-03-25 17:29:02
3,2022-08-21 18:15:00,10,free_flow,12.083333333333332,11.414659584301905,64.53550940346324,2025-03-25 17:29:02
3,2022-08-21 18:15:00,15,free_flow,12.083333333333332,11.187986684310063,63.23241995930948,2025-03-25 17:29:02
3,2022-08-21 18:15:00,30,free_flow,12.083333333333332,11.25226912538471,62.930098742204684,2025-03-25 17:29:02
3,2022-07-19 13:30:00,5,free_flow,2.40625,2.2662710609052823,15.042495524233587,2025-03-25 17:29:02
3,2022-07-19 13:30:00,10,free_flow,2.40625,2.1370594644809486,14.205239795432107,2025-03-25 17:29:02
3,2022-07-19 13:30:00,15,free_flow,2.40625,2.1082930890711293,14.024543380862418,2025-03-25 17:29:02
3,2022-07-19 13:30:00,30,free_flow,2.40625,2.107638899338298,14.020416667871684,2025-03-25 17:29:02
3,2022-08-22 15:25:00,5,free_flow,5.40625,5.085593394472739,33.3607456448707,2025-03-25 17:29:02
3,2022-08-22 15:25:00,10,free_flow,5.40625,4.857157818461101,31.96799847429574,2025-03-25 17:29:02
3,2022-08-22 15:25:00,15,free_flow,5.40625,4.779450875943594,31.513530661028156,2025-03-25 17:29:02
3,2022-08-22 15:25:00,30,free_flow,5.40625,4.781121046128987,31.50041667499936,2025-03-25 17:29:02
3,2022-08-04 12:20:00,5,free_flow,2.09375,1.972025917090853,13.100976252917052,2025-03-25 17:29:02
3,2022-08-04 12:20:00,10,free_flow,2.09375,1.8580975787048777,12.359030997205869,2025-03-25 17:29:02
3,2022-08-04 12:20:00,15,free_flow,2.09375,1.8335079332506525,12.20309814433557,2025-03-25 17:29:02
3,2022-08-04 12:20:00,30,free_flow,2.09375,1.83291976237466,12.199583334316008,2025-03-25 17:29:02
3,2022-08-02 19:40:00,5,free_flow,1.9201807228915664,1.6867503917169826,9.303363092053042,2025-03-25 17:29:02
3,2022-08-02 19:40:00,10,free_flow,1.9201807228915664,1.59385500748353,8.800555798860751,2025-03-25 17:29:02
3,2022-08-02 19:40:00,15,free_flow,1.9201807228915664,1.5355342020401963,8.48403097522997,2025-03-25 17:29:02
3,2022-08-02 19:40:00,30,free_flow,1.9201807228915664,1.5310606589386089,8.45962526592089,2025-03-25 17:29:02
3,2022-08-15 21:40:00,5,free_flow,1.0,1.0101991800644075,6.861438088447308,2025-03-25 17:29:02
3,2022-08-15 21:40:00,10,free_flow,1.0,1.053043291618889,7.154985482124605,2025-03-25 17:29:02
3,2022-08-15 21:40:00,15,free_flow,1.0,1.0544828374093151,7.166641536037541,2025-03-25 17:29:02
3,2022-08-15 21:40:00,30,free_flow,1.0,1.054490799424552,7.1669610075242645,2025-03-25 17:29:02
3,2022-07-31 02:00:00,5,free_flow,1.0,1.002250200321747,7.141828388153978,2025-03-25 17:29:02
3,2022-07-31 02:00:00,10,free_flow,1.0,1.009766301253475,7.198132391950373,2025-03-25 17:29:02
3,2022-07-31 02:00:00,15,free_flow,1.0,1.0099419268221927,7.201060695004095,2025-03-25 17:29:02
3,2022-07-31 02:00:00,30,free_flow,1.0,1.0099422216065328,7.201317229272753,2025-03-25 17:29:02
3,2022-07-05 23:25:00,5,free_flow,1.0,1.008963894442437,7.189586138124487,2025-03-25 17:29:02
3,2022-07-05 23:25:00,10,free_flow,1.0,1.0340591387424898,7.371086422162018,2025-03-25 17:29:02
3,2022-07-05 23:25:00,15,free_flow,1.0,1.0346226748087215,7.376878662052249,2025-03-25 17:29:02
3,2022-07-05 23:25:00,30,free_flow,1.0,1.0346234268788523,7.3771505626058955,2025-03-25 17:29:03
3,2022-08-02 02:05:00,5,free_flow,1.0,1.001682401060766,7.137789291718444,2025-03-25 17:29:03
3,2022-08-02 02:05:00,10,free_flow,1.0,1.0063859839627525,7.174064929748408,2025-03-25 17:29:03
3,2022-08-02 02:05:00,15,free_flow,1.0,1.0064915158097711,7.176480139506718,2025-03-25 17:29:03
3,2022-08-02 02:05:00,30,free_flow,1.0,1.00649165726525,7.176733895939453,2025-03-25 17:29:03
3,2022-07-09 20:40:00,5,free_flow,1.1029411764705883,1.0546216443170124,7.162566602680076,2025-03-25 17:29:03
3,2022-07-09 20:40:00,10,free_flow,1.1029411764705883,1.076397591020748,7.313433259506888,2025-03-25 17:29:03
3,2022-07-09 20:40:00,15,free_flow,1.1029411764705883,1.0751407101360246,7.306886491292769,2025-03-25 17:29:03
3,2022-07-09 20:40:00,30,free_flow,1.1029411764705883,1.0751112417167312,7.306961007546126,2025-03-25 17:29:03
3,2022-08-02 23:00:00,5,free_flow,1.0,1.001682401060766,7.137789291718444,2025-03-25 17:29:03
3,2022-08-02 23:00:00,10,free_flow,1.0,1.0063859839627525,7.174064929748408,2025-03-25 17:29:03
3,2022-08-02 23:00:00,15,free_flow,1.0,1.0064915158097711,7.176480139506718,2025-03-25 17:29:03
3,2022-08-02 23:00:00,30,free_flow,1.0,1.00649165726525,7.176733895939453,2025-03-25 17:29:03
3,2022-07-15 05:00:00,5,free_flow,1.0,1.0078446225267423,7.181624316244691,2025-03-25 17:29:03
3,2022-07-15 05:00:00,10,free_flow,1.0,1.0298016728228916,7.340776224492362,2025-03-25 17:29:03
3,2022-07-15 05:00:00,15,free_flow,1.0,1.030294669941194,7.346048126638105,2025-03-25 17:29:03
3,2022-07-15 05:00:00,30,free_flow,1.0,1.0302953281819653,7.346317229272596,2025-03-25 17:29:03
3,2022-07-29 01:50:00,5,free_flow,1.0,1.0039244154527327,7.153738023942235,2025-03-25 17:29:03
3,2022-07-29 01:50:00,10,free_flow,1.0,1.0149007055266612,7.234688222073623,2025-03-25 17:29:03
3,2022-07-29 01:50:00,15,free_flow,1.0,1.0151470384049863,7.238141233855633,2025-03-25 17:29:03
3,2022-07-29 01:50:00,30,free_flow,1.0,1.0151473680375769,7.238400562606052,2025-03-25 17:29:03
3,2022-08-20 00:45:00,5,free_flow,1.0,1.002250200321747,7.141828388153978,2025-03-25 17:29:03
3,2022-08-20 00:45:00,10,free_flow,1.0,1.009766301253475,7.198132391950373,2025-03-25 17:29:03
3,2022-08-20 00:45:00,15,free_flow,1.0,1.0099419268221927,7.201060695004095,2025-03-25 17:29:03
3,2022-08-20 00:45:00,30,free_flow,1.0,1.0099422216065328,7.201317229272753,2025-03-25 17:29:03
3,2022-08-11 15:00:00,5,free_flow,5.1875,4.88059092860626,32.049167117274855,2025-03-25 17:29:03
3,2022-08-11 15:00:00,10,free_flow,5.1875,4.655549725731036,30.669872439319025,2025-03-25 17:29:03
3,2022-08-11 15:00:00,15,free_flow,5.1875,4.5819649923249965,30.238000883031432,2025-03-25 17:29:03
3,2022-08-11 15:00:00,30,free_flow,5.1875,4.583154678852132,30.22583334047314,2025-03-25 17:29:03
3,2022-07-06 13:40:00,5,free_flow,2.03125,1.9131718326153637,12.712109963751791,2025-03-25 17:29:03
3,2022-07-06 13:40:00,10,free_flow,2.03125,1.802375062447897,11.989856337273556,2025-03-25 17:29:03
3,2022-07-06 13:40:00,15,free_flow,2.03125,1.7786018393069871,11.838813179500653,2025-03-25 17:29:03
3,2022-07-06 13:40:00,30,free_flow,2.03125,1.7780292456837936,11.835416667608802,2025-03-25 17:29:03
3,2022-08-03 00:30:00,5,free_flow,1.0,1.0084043026143794,7.185605546106547,2025-03-25 17:29:03
3,2022-08-03 00:30:00,10,free_flow,1.0,1.0319304032271128,7.355931360520494,2025-03-25 17:29:03
3,2022-08-03 00:30:00,15,free_flow,1.0,1.0324586662225652,7.361463394649639,2025-03-25 17:29:03
3,2022-08-03 00:30:00,30,free_flow,1.0,1.0324593713776522,7.361733895939245,2025-03-25 17:29:03
3,2022-08-22 09:10:00,5,free_flow,5.042613636363635,4.944695766667764,28.520416396736348,2025-03-25 17:29:03
3,2022-08-22 09:10:00,10,free_flow,5.042613636363635,5.024269210470319,29.02790119643625,2025-03-25 17:29:03
3,2022-08-22 09:10:00,15,free_flow,5.042613636363635,4.909745734561143,28.42351891901721,2025-03-25 17:29:03
3,2022-08-22 09:10:00,30,free_flow,5.042613636363635,4.906790317057556,28.376333752723784,2025-03-25 17:29:03
3,2022-08-23 20:50:00,5,free_flow,1.0,1.0051061317676617,6.826909441798066,2025-03-25 17:29:03
3,2022-08-23 20:50:00,10,free_flow,1.0,1.0265216214992439,6.975031485725045,2025-03-25 17:29:03
3,2022-08-23 20:50:00,15,free_flow,1.0,1.0272403498871485,6.9816808002400395,2025-03-25 17:29:03
3,2022-08-23 20:50:00,30,free_flow,1.0,1.0272443144377952,6.9819610075258,2025-03-25 17:29:03
3,2022-07-26 10:15:00,5,free_flow,2.375,2.2368486529287637,14.848562114680865,2025-03-25 17:29:03
3,2022-07-26 10:15:00,10,free_flow,2.375,2.10913593612165,14.020592697526185,2025-03-25 17:29:03
3,2022-07-26 10:15:00,15,free_flow,2.375,2.080794458116691,13.842397228703328,2025-03-25 17:29:03
3,2022-07-26 10:15:00,30,free_flow,2.375,2.080145837197104,13.838333334514504,2025-03-25 17:29:03
4,2022-07-09 12:10:00,5,free_flow,1.96875,1.6169057798062654,10.752089340317548,2025-03-25 17:29:03
4,2022-07-09 12:10:00,10,free_flow,1.96875,1.4201639623314222,9.454422485298789,2025-03-25 17:29:03
4,2022-07-09 12:10:00,15,free_flow,1.96875,1.2172091796296038,8.108737960915162,2025-03-25 17:29:03
4,2022-07-09 12:10:00,30,free_flow,1.96875,1.194652141123147,7.959000341592488,2025-03-25 17:29:03
4,2022-08-05 13:50:00,5,free_flow,4.0625,3.4263017407419154,22.647804302378773,2025-03-25 17:29:03
4,2022-08-05 13:50:00,10,free_flow,4.0625,3.050340107696023,20.222595882004917,2025-03-25 17:29:03
4,2022-08-05 13:50:00,15,free_flow,4.0625,2.626755681706152,17.452571191618144,2025-03-25 17:29:03
4,2022-08-05 13:50:00,30,free_flow,4.0625,2.575964471097006,17.11666767854512,2025-03-25 17:29:03
4,2022-08-12 08:00:00,5,free_flow,1.7755681818181814,1.5713888636793873,9.194291090438371,2025-03-25 17:29:03
4,2022-08-12 08:00:00,10,free_flow,1.7755681818181814,1.450914446963276,8.49803543802536,2025-03-25 17:29:03
4,2022-08-12 08:00:00,15,free_flow,1.7755681818181814,1.240315874862141,7.27014318821634,2025-03-25 17:29:03
4,2022-08-12 08:00:00,30,free_flow,1.7755681818181814,1.1827182791266826,6.933346147529723,2025-03-25 17:29:04
4,2022-07-14 23:45:00,5,free_flow,1.0,1.0,7.125821304391594,2025-03-25 17:29:04
4,2022-07-14 23:45:00,10,free_flow,1.0,1.0,7.128596727120546,2025-03-25 17:29:04
4,2022-07-14 23:45:00,15,free_flow,1.0,1.0,7.130234312857607,2025-03-25 17:29:04
4,2022-07-14 23:45:00,30,free_flow,1.0,1.0,7.130483895939514,2025-03-25 17:29:04
4,2022-08-02 14:55:00,5,free_flow,4.78125,4.029514423332092,26.567023016932975,2025-03-25 17:29:04
4,2022-08-02 14:55:00,10,free_flow,4.78125,3.598043407975381,23.80782529987766,2025-03-25 17:29:04
4,2022-08-02 14:55:00,15,free_flow,4.78125,3.097995691711613,20.556731751557958,2025-03-25 17:29:04
4,2022-08-02 14:55:00,30,free_flow,4.78125,3.03574644021493,20.14500143279672,2025-03-25 17:29:04
4,2022-07-23 13:15:00,5,free_flow,2.46875,2.026716164539097,13.462176473833823,2025-03-25 17:29:04
4,2022-07-23 13:15:00,10,free_flow,2.46875,1.782477494952921,11.857999968093537,2025-03-25 17:29:04
4,2022-07-23 13:15:00,15,free_flow,2.46875,1.5273944389134462,10.17085254030951,2025-03-25 17:29:04
4,2022-07-23 13:15:00,30,free_flow,2.46875,1.4986582392137842,9.980333788570176,2025-03-25 17:29:04
4,2022-07-31 08:20:00,5,free_flow,1.4473684210526316,1.2187936722290815,7.7063255765246135,2025-03-25 17:29:04
4,2022-07-31 08:20:00,10,free_flow,1.4473684210526316,1.091869391126874,6.908902364983674,2025-03-25 17:29:04
4,2022-07-31 08:20:00,15,free_flow,1.4473684210526316,1.0011447454651634,6.33728327305023,2025-03-25 17:29:04
4,2022-07-31 08:20:00,30,free_flow,1.4473684210526316,1.0000000000112523,6.330270370028809,2025-03-25 17:29:04
4,2022-08-21 23:15:00,5,free_flow,1.0,1.0,7.125821304391594,2025-03-25 17:29:04
4,2022-08-21 23:15:00,10,free_flow,1.0,1.0,7.128596727120546,2025-03-25 17:29:04
4,2022-08-21 23:15:00,15,free_flow,1.0,1.0,7.130234312857607,2025-03-25 17:29:04
4,2022-08-21 23:15:00,30,free_flow,1.0,1.0,7.130483895939514,2025-03-25 17:29:04
4,2022-07-17 07:30:00,5,free_flow,1.25,1.052691877708969,6.658393827328726,2025-03-25 17:29:04
4,2022-07-17 07:30:00,10,free_flow,1.25,1.0020965917621294,6.341679813190956,2025-03-25 17:29:04
4,2022-07-17 07:30:00,15,free_flow,1.25,1.00000820672658,6.330096342568324,2025-03-25 17:29:04
4,2022-07-17 07:30:00,30,free_flow,1.25,1.0000000000000482,6.330270369957954,2025-03-25 17:29:04
4,2022-08-10 06:40:00,5,free_flow,1.985981308411215,1.6685679590266722,11.873754728382167,2025-03-25 17:29:04
4,2022-08-10 06:40:00,10,free_flow,1.985981308411215,1.4388814024673284,10.250907564501686,2025-03-25 17:29:04
4,2022-08-10 06:40:00,15,free_flow,1.985981308411215,1.2671122133497228,9.032460295085667,2025-03-25 17:29:04
4,2022-08-10 06:40:00,30,free_flow,1.985981308411215,1.2559440997657347,8.95333336580237,2025-03-25 17:29:04
4,2022-07-08 01:50:00,5,free_flow,1.0,1.0,7.125821304391594,2025-03-25 17:29:04
4,2022-07-08 01:50:00,10,free_flow,1.0,1.0,7.128596727120546,2025-03-25 17:29:04
4,2022-07-08 01:50:00,15,free_flow,1.0,1.0,7.130234312857607,2025-03-25 17:29:04
4,2022-07-08 01:50:00,30,free_flow,1.0,1.0,7.130483895939514,2025-03-25 17:29:04
4,2022-07-06 21:10:00,5,free_flow,1.0,1.0,6.792291242014848,2025-03-25 17:29:04
4,2022-07-06 21:10:00,10,free_flow,1.0,1.0,6.795059963694494,2025-03-25 17:29:04
4,2022-07-06 21:10:00,15,free_flow,1.0,1.0,6.796719848957241,2025-03-25 17:29:04
4,2022-07-06 21:10:00,30,free_flow,1.0,1.0,6.796961007527319,2025-03-25 17:29:04
4,2022-08-15 19:25:00,5,free_flow,1.0,1.0,5.525699204793438,2025-03-25 17:29:04
4,2022-08-15 19:25:00,10,free_flow,1.0,1.0,5.528237625488733,2025-03-25 17:29:04
4,2022-08-15 19:25:00,15,free_flow,1.0,1.0,5.529822772390098,2025-03-25 17:29:04
4,2022-08-15 19:25:00,30,free_flow,1.0,1.0,5.530019419281231,2025-03-25 17:29:04
4,2022-08-02 00:10:00,5,free_flow,1.0,1.0,7.125821304391594,2025-03-25 17:29:04
4,2022-08-02 00:10:00,10,free_flow,1.0,1.0,7.128596727120546,2025-03-25 17:29:04
4,2022-08-02 00:10:00,15,free_flow,1.0,1.0,7.130234312857607,2025-03-25 17:29:04
4,2022-08-02 00:10:00,30,free_flow,1.0,1.0,7.130483895939514,2025-03-25 17:29:04
4,2022-07-28 02:15:00,5,free_flow,1.0,1.0,7.125821304391594,2025-03-25 17:29:04
4,2022-07-28 02:15:00,10,free_flow,1.0,1.0,7.128596727120546,2025-03-25 17:29:04
4,2022-07-28 02:15:00,15,free_flow,1.0,1.0,7.130234312857607,2025-03-25 17:29:04
4,2022-07-28 02:15:00,30,free_flow,1.0,1.0,7.130483895939514,2025-03-25 17:29:04
4,2022-08-17 01:45:00,5,free_flow,1.0,1.0,7.125821304391594,2025-03-25 17:29:04
4,2022-08-17 01:45:00,10,free_flow,1.0,1.0,7.128596727120546,2025-03-25 17:29:05
4,2022-08-17 01:45:00,15,free_flow,1.0,1.0,7.130234312857607,2025-03-25 17:29:05
4,2022-08-17 01:45:00,30,free_flow,1.0,1.0,7.130483895939514,2025-03-25 17:29:05
4,2022-07-18 02:40:00,5,free_flow,1.0,1.0,7.125821304391594,2025-03-25 17:29:05
4,2022-07-18 02:40:00,10,free_flow,1.0,1.0,7.128596727120546,2025-03-25 17:29:05
4,2022-07-18 02:40:00,15,free_flow,1.0,1.0,7.130234312857607,2025-03-25 17:29:05
4,2022-07-18 02:40:00,30,free_flow,1.0,1.0,7.130483895939514,2025-03-25 17:29:05
4,2022-07-27 05:15:00,5,free_flow,1.0,1.0,7.125821304391594,2025-03-25 17:29:05
4,2022-07-27 05:15:00,10,free_flow,1.0,1.0,7.128596727120546,2025-03-25 17:29:05
4,2022-07-27 05:15:00,15,free_flow,1.0,1.0,7.130234312857607,2025-03-25 17:29:05
4,2022-07-27 05:15:00,30,free_flow,1.0,1.0,7.130483895939514,2025-03-25 17:29:05
4,2022-08-22 02:05:00,5,free_flow,1.0,1.0,7.125821304391594,2025-03-25 17:29:05
4,2022-08-22 02:05:00,10,free_flow,1.0,1.0,7.128596727120546,2025-03-25 17:29:05
4,2022-08-22 02:05:00,15,free_flow,1.0,1.0,7.130234312857607,2025-03-25 17:29:05
4,2022-08-22 02:05:00,30,free_flow,1.0,1.0,7.130483895939514,2025-03-25 17:29:05
4,2022-08-12 21:55:00,5,free_flow,1.0,1.0,6.792291242014848,2025-03-25 17:29:05
4,2022-08-12 21:55:00,10,free_flow,1.0,1.0,6.795059963694494,2025-03-25 17:29:05
4,2022-08-12 21:55:00,15,free_flow,1.0,1.0,6.796719848957241,2025-03-25 17:29:05
4,2022-08-12 21:55:00,30,free_flow,1.0,1.0,6.796961007527319,2025-03-25 17:29:05
4,2022-08-11 21:30:00,5,free_flow,1.0,1.0,6.792291242014848,2025-03-25 17:29:05
4,2022-08-11 21:30:00,10,free_flow,1.0,1.0,6.795059963694494,2025-03-25 17:29:05
4,2022-08-11 21:30:00,15,free_flow,1.0,1.0,6.796719848957241,2025-03-25 17:29:05
4,2022-08-11 21:30:00,30,free_flow,1.0,1.0,6.796961007527319,2025-03-25 17:29:05
4,2022-07-12 16:15:00,5,free_flow,2.9375,2.343167698974593,15.549126182425702,2025-03-25 17:29:05
4,2022-07-12 16:15:00,10,free_flow,2.9375,2.0494992013492355,13.626120786072972,2025-03-25 17:29:05
4,2022-07-12 16:15:00,15,free_flow,2.9375,1.6744039325081672,11.147209275976712,2025-03-25 17:29:05
4,2022-07-12 16:15:00,30,free_flow,2.9375,1.710864299251257,11.389667937136133,2025-03-25 17:29:05
4,2022-07-14 08:55:00,5,free_flow,1.8821022727272723,1.665619460497598,9.74307440155417,2025-03-25 17:29:05
4,2022-07-14 08:55:00,10,free_flow,1.8821022727272723,1.5381540248294467,9.00735778988368,2025-03-25 17:29:05
4,2022-07-14 08:55:00,15,free_flow,1.8821022727272723,1.3149976321924821,7.707063223211331,2025-03-25 17:29:05
4,2022-07-14 08:55:00,30,free_flow,1.8821022727272723,1.2538036320188402,7.349347052880542,2025-03-25 17:29:05
4,2022-08-24 18:35:00,5,free_flow,6.7771084337349405,5.55275707615839,30.055590326330947,2025-03-25 17:29:05
4,2022-08-24 18:35:00,10,free_flow,6.7771084337349405,5.053216022474071,27.492407218224837,2025-03-25 17:29:05
4,2022-08-24 18:35:00,15,free_flow,6.7771084337349405,4.016996455234711,22.008004237031685,2025-03-25 17:29:05
4,2022-08-24 18:35:00,30,free_flow,6.7771084337349405,3.9829761388991978,21.810644946055188,2025-03-25 17:29:05
4,2022-08-23 11:15:00,5,free_flow,4.40625,3.7149355634629027,24.52642190380683,2025-03-25 17:29:05
4,2022-08-23 11:15:00,10,free_flow,4.40625,3.3118961640493825,21.93714154702988,2025-03-25 17:29:05
4,2022-08-23 11:15:00,15,free_flow,4.40625,2.8517558903699625,18.936204485659513,2025-03-25 17:29:05
4,2022-08-23 11:15:00,30,free_flow,4.40625,2.7956255986500547,18.565001194266127,2025-03-25 17:29:05
4,2022-08-14 22:35:00,5,free_flow,1.0,1.0,6.792291242014848,2025-03-25 17:29:05
4,2022-08-14 22:35:00,10,free_flow,1.0,1.0,6.795059963694494,2025-03-25 17:29:05
4,2022-08-14 22:35:00,15,free_flow,1.0,1.0,6.796719848957241,2025-03-25 17:29:05
4,2022-08-14 22:35:00,30,free_flow,1.0,1.0,6.796961007527319,2025-03-25 17:29:05
4,2022-07-31 08:45:00,5,free_flow,1.118421052631579,1.006591926002379,6.367385004397892,2025-03-25 17:29:05
4,2022-07-31 08:45:00,10,free_flow,1.118421052631579,1.000024689167755,6.328586249656872,2025-03-25 17:29:05
4,2022-07-31 08:45:00,15,free_flow,1.118421052631579,1.0000000532315856,6.330044783653025,2025-03-25 17:29:05
4,2022-07-31 08:45:00,30,free_flow,1.118421052631579,1.0000000000000013,6.330270369957656,2025-03-25 17:29:05
4,2022-08-06 22:55:00,5,free_flow,1.0,1.0,6.792291242014848,2025-03-25 17:29:05
4,2022-08-06 22:55:00,10,free_flow,1.0,1.0,6.795059963694494,2025-03-25 17:29:06
4,2022-08-06 22:55:00,15,free_flow,1.0,1.0,6.796719848957241,2025-03-25 17:29:06
4,2022-08-06 22:55:00,30,free_flow,1.0,1.0,6.796961007527319,2025-03-25 17:29:06
4,2022-07-11 07:20:00,5,free_flow,1.0,1.0,5.859153608585739,2025-03-25 17:29:06
4,2022-07-11 07:20:00,10,free_flow,1.0,1.0,5.8617267560869175,2025-03-25 17:29:06
4,2022-07-11 07:20:00,15,free_flow,1.0,1.0,5.863309384050971,2025-03-25 17:29:06
4,2022-07-11 07:20:00,30,free_flow,1.0,1.0,5.863519114124684,2025-03-25 17:29:06
4,2022-08-07 16:25:00,5,free_flow,9.4375,7.835377828530229,50.604286335243394,2025-03-25 17:29:06
4,2022-08-07 16:25:00,10,free_flow,9.4375,7.137516634599694,46.40790535581916,2025-03-25 17:29:06
4,2022-08-07 16:25:00,15,free_flow,9.4375,6.175349254304572,40.440923261842734,2025-03-25 17:29:06
4,2022-08-07 16:25:00,30,free_flow,9.4375,5.9982252329955275,39.26001901893935,2025-03-25 17:29:06
4,2022-08-05 17:10:00,5,free_flow,4.066265060240964,3.336300573242966,18.282753871376062,2025-03-25 17:29:06
4,2022-08-05 17:10:00,10,free_flow,4.066265060240964,3.0345957876977225,16.677985261275353,2025-03-25 17:29:06
4,2022-08-05 17:10:00,15,free_flow,4.066265060240964,2.3699151665163933,13.067726576165763,2025-03-25 17:29:06
4,2022-08-05 17:10:00,30,free_flow,4.066265060240964,2.37345614121161,13.086187203249137,2025-03-25 17:29:06
4,2022-08-07 14:00:00,5,free_flow,5.0625,4.1441292898364726,27.308653524324246,2025-03-25 17:29:06
4,2022-08-07 14:00:00,10,free_flow,5.0625,3.680092970499426,24.343200678504004,2025-03-25 17:29:06
4,2022-08-07 14:00:00,15,free_flow,5.0625,3.151471450843221,20.90819908870935,2025-03-25 17:29:06
4,2022-08-07 14:00:00,30,free_flow,5.0625,3.0845973225055956,20.46600162528991,2025-03-25 17:29:06
4,2022-08-24 01:15:00,5,free_flow,1.0,1.0,7.125821304391594,2025-03-25 17:29:06
4,2022-08-24 01:15:00,10,free_flow,1.0,1.0,7.128596727120546,2025-03-25 17:29:06
4,2022-08-24 01:15:00,15,free_flow,1.0,1.0,7.130234312857607,2025-03-25 17:29:06
4,2022-08-24 01:15:00,30,free_flow,1.0,1.0,7.130483895939514,2025-03-25 17:29:06
4,2022-08-04 20:30:00,5,free_flow,1.0,1.0,6.792291242014848,2025-03-25 17:29:06
4,2022-08-04 20:30:00,10,free_flow,1.0,1.0,6.795059963694494,2025-03-25 17:29:06
4,2022-08-04 20:30:00,15,free_flow,1.0,1.0,6.796719848957241,2025-03-25 17:29:06
4,2022-08-04 20:30:00,30,free_flow,1.0,1.0,6.796961007527319,2025-03-25 17:29:06
4,2022-07-19 03:20:00,5,free_flow,1.0,1.0,7.125821304391594,2025-03-25 17:29:06
4,2022-07-19 03:20:00,10,free_flow,1.0,1.0,7.128596727120546,2025-03-25 17:29:06
4,2022-07-19 03:20:00,15,free_flow,1.0,1.0,7.130234312857607,2025-03-25 17:29:06
4,2022-07-19 03:20:00,30,free_flow,1.0,1.0,7.130483895939514,2025-03-25 17:29:06
4,2022-07-21 14:10:00,5,free_flow,3.4375,2.9008836931123807,19.213459901493174,2025-03-25 17:29:06
4,2022-07-21 14:10:00,10,free_flow,3.4375,2.5765243492333028,17.10629848359454,2025-03-25 17:29:06
4,2022-07-21 14:10:00,15,free_flow,3.4375,2.219227824835951,14.759039932796844,2025-03-25 17:29:06
4,2022-07-21 14:10:00,30,free_flow,3.4375,2.1775580536050403,14.483334081292524,2025-03-25 17:29:06
4,2022-08-09 07:40:00,5,free_flow,1.5980113636363633,1.4143212982360263,8.278734757594869,2025-03-25 17:29:06
4,2022-08-09 07:40:00,10,free_flow,1.5980113636363633,1.3055765160790598,7.6489647230891125,2025-03-25 17:29:06
4,2022-08-09 07:40:00,15,free_flow,1.5980113636363633,1.1159410677051562,6.542199451557934,2025-03-25 17:29:06
4,2022-08-09 07:40:00,30,free_flow,1.5980113636363633,1.0642878640765079,6.2400113577868375,2025-03-25 17:29:06
4,2022-07-28 11:35:00,5,free_flow,2.96875,2.506320353277825,16.622962787637558,2025-03-25 17:29:06
4,2022-07-28 11:35:00,10,free_flow,2.96875,2.2225384793431218,14.770254312026255,2025-03-25 17:29:06
4,2022-07-28 11:35:00,15,free_flow,2.96875,1.9147314059566636,12.741793721833728,2025-03-25 17:29:06
4,2022-07-28 11:35:00,30,free_flow,2.96875,1.8794707775110717,12.508333926191021,2025-03-25 17:29:06
4,2022-08-24 07:45:00,5,free_flow,2.0241477272727266,1.7912481843378687,10.474112779345441,2025-03-25 17:29:06
4,2022-08-24 07:45:00,10,free_flow,2.0241477272727266,1.6545187000735067,9.686302028665782,2025-03-25 17:29:06
4,2022-08-24 07:45:00,15,free_flow,2.0241477272727266,1.41464505057533,8.28981716160529,2025-03-25 17:29:06
4,2022-08-24 07:45:00,30,free_flow,2.0241477272727266,1.3486185056344278,7.904014967485136,2025-03-25 17:29:06
4,2022-07-20 00:20:00,5,free_flow,1.0,1.0,7.125821304391594,2025-03-25 17:29:06
4,2022-07-20 00:20:00,10,free_flow,1.0,1.0,7.128596727120546,2025-03-25 17:29:06
4,2022-07-20 00:20:00,15,free_flow,1.0,1.0,7.130234312857607,2025-03-25 17:29:07
4,2022-07-20 00:20:00,30,free_flow,1.0,1.0,7.130483895939514,2025-03-25 17:29:07
4,2022-08-10 16:55:00,5,free_flow,4.46875,3.55765606235763,23.503475105656502,2025-03-25 17:29:07
4,2022-08-10 16:55:00,10,free_flow,4.46875,3.129561931519461,20.742358394055124,2025-03-25 17:29:07
4,2022-08-10 16:55:00,15,free_flow,4.46875,2.5538376659623894,16.97120034133074,2025-03-25 17:29:07
4,2022-08-10 16:55:00,30,free_flow,4.46875,2.6078144353034163,17.32683602853216,2025-03-25 17:29:07
4,2022-08-15 13:50:00,5,free_flow,4.90625,4.13430392608701,27.24511672012315,2025-03-25 17:29:07
4,2022-08-15 13:50:00,10,free_flow,4.90625,3.6936188217275348,24.431412231554074,2025-03-25 17:29:07
4,2022-08-15 13:50:00,15,free_flow,4.90625,3.180271062121243,21.0974128137635,2025-03-25 17:29:07
4,2022-08-15 13:50:00,30,free_flow,4.90625,3.1159086889565364,20.671668189877035,2025-03-25 17:29:07
4,2022-07-29 02:20:00,5,free_flow,1.0,1.0,7.125821304391594,2025-03-25 17:29:07
4,2022-07-29 02:20:00,10,free_flow,1.0,1.0,7.128596727120546,2025-03-25 17:29:07
4,2022-07-29 02:20:00,15,free_flow,1.0,1.0,7.130234312857607,2025-03-25 17:29:07
4,2022-07-29 02:20:00,30,free_flow,1.0,1.0,7.130483895939514,2025-03-25 17:29:07
4,2022-07-25 17:30:00,5,free_flow,4.819277108433735,3.952569283859479,21.59390468582544,2025-03-25 17:29:07
4,2022-07-25 17:30:00,10,free_flow,4.819277108433735,3.596603142653089,19.719044590202405,2025-03-25 17:29:07
4,2022-07-25 17:30:00,15,free_flow,4.819277108433735,2.8185004341530426,15.519025166537233,2025-03-25 17:29:07
4,2022-07-25 17:30:00,30,free_flow,4.819277108433735,2.8172778826985136,15.509608416156103,2025-03-25 17:29:07
4,2022-08-09 15:30:00,5,free_flow,7.0,5.883996909380229,38.4334205110856,2025-03-25 17:29:07
4,2022-08-09 15:30:00,10,free_flow,7.0,5.309243649559519,34.866052350880715,2025-03-25 17:29:07
4,2022-08-09 15:30:00,15,free_flow,7.0,4.576201520761177,30.200725241014865,2025-03-25 17:29:07
4,2022-08-09 15:30:00,30,free_flow,7.0,4.469652555359045,29.493337862207586,2025-03-25 17:29:07
4,2022-08-20 16:15:00,5,free_flow,9.8125,8.14280044843329,52.502136423872976,2025-03-25 17:29:07
4,2022-08-20 16:15:00,10,free_flow,9.8125,7.428858077762721,48.22710033995307,2025-03-25 17:29:07
4,2022-08-20 16:15:00,15,free_flow,9.8125,6.435300996915214,42.08968582011864,2025-03-25 17:29:07
4,2022-08-20 16:15:00,30,free_flow,9.8125,6.244984529490314,40.8200239094049,2025-03-25 17:29:07
4,2022-07-08 06:25:00,5,free_flow,1.0,1.0,7.125821304391594,2025-03-25 17:29:07
4,2022-07-08 06:25:00,10,free_flow,1.0,1.0,7.128596727120546,2025-03-25 17:29:07
4,2022-07-08 06:25:00,15,free_flow,1.0,1.0,7.130234312857607,2025-03-25 17:29:07
4,2022-07-08 06:25:00,30,free_flow,1.0,1.0,7.130483895939514,2025-03-25 17:29:07
4,2022-08-09 13:45:00,5,free_flow,4.0625,3.4263017407419154,22.647804302378773,2025-03-25 17:29:07
4,2022-08-09 13:45:00,10,free_flow,4.0625,3.050340107696023,20.222595882004917,2025-03-25 17:29:07
4,2022-08-09 13:45:00,15,free_flow,4.0625,2.626755681706152,17.452571191618144,2025-03-25 17:29:07
4,2022-08-09 13:45:00,30,free_flow,4.0625,2.575964471097006,17.11666767854512,2025-03-25 17:29:07
4,2022-08-18 11:10:00,5,free_flow,6.3125,5.310652945748434,34.796453951342066,2025-03-25 17:29:07
4,2022-08-18 11:10:00,10,free_flow,6.3125,4.775676999550398,31.44376976436833,2025-03-25 17:29:07
4,2022-08-18 11:10:00,15,free_flow,6.3125,4.1137040653779655,27.200601891119273,2025-03-25 17:29:07
4,2022-08-18 11:10:00,30,free_flow,6.3125,4.022597057766968,26.59666978296885,2025-03-25 17:29:07
4,2022-08-01 04:45:00,5,free_flow,1.0,1.0,7.125821304391594,2025-03-25 17:29:07
4,2022-08-01 04:45:00,10,free_flow,1.0,1.0,7.128596727120546,2025-03-25 17:29:07
4,2022-08-01 04:45:00,15,free_flow,1.0,1.0,7.130234312857607,2025-03-25 17:29:07
4,2022-08-01 04:45:00,30,free_flow,1.0,1.0,7.130483895939514,2025-03-25 17:29:07
